asin,title,category,subcategory,price,rating,review_count,sales_est,competitors,weight_lbs,length_in,width_in,height_in,is_prime,is_fba,bsr_category,listed_since_days,fba_pick_pack,fba_weight_fee,fba_storage_est,referral_fee,total_fba_cost,purchase_cost_est,landed_cost_est,net_profit,estimated_profit_margin,competition_index,score_raw
B00008BFZH,"Snap Circuits Jr. SC-100 Electronics Exploration Kit, Over 100 Projects, Full Color Project Manual, 28 Parts, STEM Educational Toy for Kids 8 +",Toys & Games,STEM Toys,29.98,4.8,29000,8700,42,1.38,10.8,9.2,4.1,True,True,STEM Toys,733,2.5,1.11,0.18,4.5,8.29,8.99,18.28,11.7,0.3903,0.48,78.0
B0CZQWG7ZC,"Kids STEM Building Toys for 3 4 5 6 7 8+ Year Old Boy Girl Birthday Gift, 125 Pcs Preschool Classroom Educational Building Blocks Stem Kits Activities Ages 3-5 4-8 5-7 6-8 Engineering Creative Games",Toys & Games,STEM Toys,29.99,4.7,846,253,27,1.01,13.6,9.6,3.1,True,True,STEM Toys,221,2.5,1.11,0.18,4.5,8.29,9.0,18.29,11.7,0.3901,10.67,64.3
B0FFSSWTB6,"1000X Handheld Digital Microscope for Kids: Pocket Microscope with 2.0"" IPS Screen - STEM Toys Birthday Gifts for Girls Boys Child - Portable Edu Science Kits Toddler Age 3-6 6-12",Toys & Games,STEM Toys,29.99,4.6,712,213,29,1.73,14.0,9.5,3.7,True,True,STEM Toys,501,2.5,1.35,0.21,4.5,8.56,9.0,18.56,11.43,0.3811,13.62,61.4
B07T1NZD27,"Sillbird 12-in-1 Solar Robot Building Kit STEM Gift for Boys Aged 8-13, DIY Science Educational Robotic Toys for Kids Teens Birthday, Powered by the Sun with 190 Pieces",Toys & Games,STEM Toys,14.97,4.3,15600,4680,36,1.57,12.1,9.7,3.9,True,True,STEM Toys,950,2.5,1.25,0.2,2.25,6.2,4.49,11.69,3.28,0.2191,0.77,70.5
B00IUAAK2A,ThinkFun Gravity Maze - Falling Marble Logic Game - Challenging STEM Toy for Kids 8-12 - Gravity Marble Maze - Brain-Building Fun - Educational Gift - Boosts Critical Thinking & Problem Solving,Toys & Games,STEM Toys,22.79,4.6,37600,11280,46,1.82,12.0,6.7,4.5,True,True,STEM Toys,159,2.5,0.99,0.16,3.42,7.07,6.84,14.91,7.88,0.3458,0.41,75.9
B0CRK33YXD,"Dan&Darci Root Viewer Kit for Kids - Grow Your Own Plant for Boys & Girls Gifts - Science STEM Toy & Craft Growing Kits for Ages 4-8 Birthday Gifts for Boy, Girl 4, 5, 6, 7, 8, Year Old",Toys & Games,STEM Toys,17.99,4.3,1300,390,33,1.31,13.1,7.5,4.5,True,True,STEM Toys,399,2.5,1.21,0.19,2.7,6.6,5.4,13.0,4.99,0.2774,8.46,66.3
B097F49QYH,"Learning Resources STEM Explorers Brainometry - 3D Puzzle Games for Kids, Kids Travel Games, Brain Teaser Puzzles, Pattern Memory Game, Brain Game Toys, Classroom Toys, 5 Year Old Boy and Girl Gifts",Toys & Games,STEM Toys,14.99,4.7,2900,870,32,0.4,10.7,11.1,2.3,True,True,STEM Toys,524,2.5,0.75,0.12,2.25,5.62,4.5,11.12,3.87,0.2582,3.68,72.8
B0BZT443MB,"Learning Resources STEM Explorers Pixel Art Challenge - Science Kits & STEM Activities for Kids, Pattern Blocks, Fine Motor Skills, Math Manipulatives, Sorting and Counting, Gifts for Boys and Girls",Toys & Games,STEM Toys,19.79,4.5,1900,570,32,2.87,11.8,10.5,5.6,True,True,STEM Toys,456,2.5,1.9,0.3,2.97,7.67,5.94,14.61,5.18,0.2617,5.61,72.1
B0B24RNM8D,"TOMYOU 200 Pieces Building Blocks Kids STEM Toys Educational Discs Sets Interlocking Solid Plastic for Preschool Boys and Girls Aged 3+, Safe Material Creativity",Toys & Games,STEM Toys,19.99,4.6,2700,810,31,2.45,15.0,9.7,3.7,True,True,STEM Toys,179,2.5,1.47,0.23,3.0,7.2,6.0,14.2,5.79,0.2896,3.83,73.6
B0B8D4JZN4,10 in 1 STEM Toys for 4 5 6 7 8+ Year Old Boy Girl Birthday Gifts Building Toys Stem Kits Activities for Kids Ages 4-8 5-7 6-8 Educational Learning Boy Toys Age 3-5 4-6 8-10 Engineering Creative Games,Toys & Games,STEM Toys,26.99,4.7,1900,570,35,2.27,10.4,9.4,4.0,True,True,STEM Toys,124,2.5,1.07,0.17,4.05,7.79,8.1,16.89,10.1,0.3742,6.14,76.6
B01K1K0K6M,"Step2 Rain Showers Splash Pond Water Table, Kids Water and Sand Activity Sensory Playset, Summer Outdoor Toys, 13 Piece Water Toy Accessories, For Toddlers 1.5+ Years Old, Blue & Green",Toys & Games,STEM Toys,84.99,4.7,23400,7020,38,3.98,14.5,6.9,3.5,True,True,STEM Toys,1155,2.5,1.51,0.15,12.75,16.91,25.5,43.41,41.58,0.4892,0.54,81.2
B08R3TW6PD,"Coodoo Upgraded Magnetic Blocks Tough Tiles STEM Toys for 3+ Year Old Boys and Girls Learning by Playing Games for Toddlers Kids, Compatible with Major Brands Building Blocks - Starter Set",Toys & Games,STEM Toys,14.99,4.6,10600,3180,42,1.64,13.1,9.7,4.2,True,True,STEM Toys,1114,2.5,1.46,0.23,2.25,6.44,4.5,11.94,3.05,0.2035,1.32,70.8
B07XTKJXPT,"Smartivity DIY Robotic Mechanical Hand STEM Toy for Kids 8-14 Years Old | Parents Choice Award Winner I Birthday Gift for Kids | Engineering Kit for 8, 9, 10, 11, 12, 13, 14 Years Old Boys & Girls",Toys & Games,STEM Toys,32.99,4.6,3600,1080,35,1.3,9.6,8.3,3.1,True,True,STEM Toys,1196,2.5,0.68,0.11,4.95,8.24,9.9,19.14,13.85,0.4198,3.24,78.2
B0BPJZC26G,"Lite-Brite Touch - Create, Play and Animate - Light Up Portable Stem Sensory Learning Toy, Creative Art Stem Toy for Girls, Boys, Unisex, Toddler, Holiday, Birthday, Gift, Ages 6+",Toys & Games,STEM Toys,27.99,4.6,1500,450,40,1.62,14.6,11.4,2.2,True,True,STEM Toys,1048,2.5,1.0,0.16,4.2,7.86,8.4,17.26,10.73,0.3834,8.89,73.8
B08T91BVLM,COUOMOXA Magnetic Building Blocks for Toddlers: STEM Educational Toys for 3 4 5+ Years Old Kids - Magnetic Stick Montessori Game for Family for Boys Girls 3-5,Toys & Games,STEM Toys,19.99,4.4,1300,390,32,1.18,15.6,7.1,3.9,True,True,STEM Toys,237,2.5,1.18,0.19,3.0,6.87,6.0,13.87,6.12,0.3062,8.21,67.6
B086JQQHPK,"3Doodler Start+ Essentials 3D Pen Set for Kids, Easy to Use, Learn from Home Art, Educational STEM Toy for Boys & Girls Ages 6+",Toys & Games,STEM Toys,54.97,4.4,11100,3330,34,1.25,13.7,7.0,4.5,True,True,STEM Toys,528,2.5,1.18,0.19,8.25,12.12,16.49,29.61,25.36,0.4613,1.02,79.2
B09CTX4BW5,"Dinosaur Toys for 3, 4, 5, 6, 7 Year Old Boys, Take Apart Toys with Electric Drill for Kids, STEM Educational Construction Building Toy, Ideal Birthday Christmas Easter Gifts, Incl Tyrannosaurus Rex",Toys & Games,STEM Toys,19.99,4.6,3400,1020,26,2.64,14.6,8.5,3.9,True,True,STEM Toys,991,2.5,1.32,0.21,3.0,7.03,6.0,14.03,5.96,0.2981,2.55,74.0
B085WF9CHH,"Blue Marble National Geographic Magic Chemistry Set – Science Kit for Kids with 10 Amazing Magic Tricks, STEM Projects and Science Experiments, Science Toys, Great Gift for Boys and Girls 8-12",Toys & Games,STEM Toys,16.99,4.7,13000,3900,35,1.67,14.7,6.7,3.8,True,True,STEM Toys,836,2.5,1.02,0.16,2.55,6.23,5.1,12.33,4.66,0.2743,0.9,73.6
B0C3GWRMZY,"STEM Kits for Kids Crafts 6-8 8-12, Boys Gifts Toys for 6 7 8 Year Old Boy Birthday Gift Ideas, STEM Toys Crafts 6+ 7+ yr, Robotics Science Kits Activities Robot Building Age 8-10 9 10 11 12 13 14",Toys & Games,STEM Toys,18.8,4.5,1300,390,34,1.56,10.0,9.8,3.2,True,True,STEM Toys,1153,2.5,0.86,0.14,2.82,6.32,5.64,12.96,5.84,0.3106,8.72,68.0
B08HD89CX6,"Rock Painting Kit- Glow in The Dark Rock Kit, Arts and Crafts for Kids Ages 6-12, Art Supplies Toy, Kids Craft Paint Kits, Arts & Crafts for Boys Girls Birthday Party Gift Toy",Toys & Games,STEM Toys,14.99,4.7,11400,3420,40,0.99,10.7,8.1,5.8,True,True,STEM Toys,365,2.5,1.37,0.22,2.25,6.34,4.5,11.84,3.15,0.2101,1.17,71.3
B0CSZD5FCY,Snap Circuits Flight Deck Science/STEM Toy kit | Ages 8+ | Construction Gift for Boys and Girls,Toys & Games,STEM Toys,14.99,4.6,543,162,25,0.77,5.9,5.7,2.1,True,True,STEM Toys,327,2.5,0.29,0.03,2.25,5.07,4.5,10.57,4.42,0.2949,15.43,55.7
B00AU56C5W,"PicassoTiles 100 Piece Set 100pcs Magnet Building Tiles Clear Magnetic 3D Blocks Construction Playboards, Creativity Beyond Imagination, Inspirational, Recreational, Educational Conventional",Toys & Games,STEM Toys,39.99,4.8,39900,11970,40,2.65,11.2,10.5,4.0,True,True,STEM Toys,347,2.5,1.29,0.2,6.0,9.99,12.0,22.99,17.0,0.4251,0.33,79.2
B000068CKY,"Melissa & Doug Wooden Building Blocks, 100-Piece Set of Sorting & Stacking Toys in 4 Colors and 9 Shapes, Classic Toddler Toys for Girls & Boys Ages 2+ - FSC Certified",Toys & Games,Building Toys,15.99,4.8,28200,8460,48,2.03,14.9,9.1,5.6,True,True,Building Toys,822,2.5,2.08,0.33,2.4,7.31,4.8,13.11,2.88,0.1801,0.57,70.6
B00U26LT34,"MEGA BLOKS First Builders Toddler Blocks Toys Set, Deluxe Building Bag with 150 Pieces and Storage, Creative Open-Ended Play, Blue, Ages 1+ Years (Amazon Exclusive)",Toys & Games,Building Toys,32.39,4.8,8700,2610,40,2.92,12.6,6.2,3.4,True,True,Building Toys,578,2.5,1.11,0.12,4.86,8.59,9.72,19.31,13.08,0.4038,1.53,78.4
B097QD9666,LOLO TOYS Large Building Foam Blocks for Toddlers – Giant Jumbo Big Building Blocks (30 Pieces),Toys & Games,Building Toys,39.99,4.8,785,235,34,2.42,15.8,6.9,5.6,True,True,Building Toys,612,2.5,1.67,0.26,6.0,10.43,12.0,23.43,16.56,0.4141,14.47,64.2
B01NAD9HD9,PicassoTiles 120pcs Hedgehog Interlocking Building Blocks Tiles Construction Toy Set Learning Playset STEAM Development Preschool Kindergarten Toy for Kids Age3+ PTB120,Toys & Games,Building Toys,24.99,4.7,7900,2370,43,1.3,11.9,11.0,3.9,True,True,Building Toys,377,2.5,1.4,0.22,3.75,7.87,7.5,16.37,8.62,0.3449,1.81,76.0
B0CHJTD1FS,"Magnetic Building Blocks Large, 1.65 inch Magnetic Stacking Cubes for Toddlers, Sensory & Montessori Toys for Boys & Girls 1 2 3 Years Old (12 PCS)",Toys & Games,Building Toys,15.99,4.7,1800,540,34,2.49,11.6,7.8,4.4,True,True,Building Toys,1149,2.5,1.09,0.17,2.4,6.16,4.8,11.96,4.03,0.252,6.3,72.3
B0CC5GTSQF,"Goody King Magnetic Blocks |100PCS Magnetic Building Cube Game, Constructions Toys for Boys & Girls Age 3-4, 5 6 7 8 9 10, STEM Montessori Stacking Toy, Sensory Tiles Building Birthday for Toddlers",Toys & Games,Building Toys,25.63,4.7,2100,630,44,1.32,12.1,7.5,3.1,True,True,Building Toys,930,2.5,0.77,0.12,3.84,7.23,7.69,15.92,9.71,0.3789,6.98,76.7
B007GE75G0,"MEGA BLOKS First Builders Toddler Blocks Toys Set, Big Building Bag Collection with 80 Pieces and Storage, Pink, Ages 1+ Years",Toys & Games,Building Toys,17.0,4.8,131400,39420,47,1.57,10.4,9.5,5.6,True,True,Building Toys,363,2.5,1.51,0.24,2.55,6.8,5.1,12.9,4.1,0.2412,0.12,72.8
B079MDLGT8,"Dimple Building Blocks for Toddler (300 Pcs) Stacking Toys & Puzzle Games for Learning and STEM Fun Montessori Toys, Educational Baby Blocks Age 3+ Toddler Boy & Girl Birthday for Kids",Toys & Games,Building Toys,29.89,4.4,3500,1050,45,0.48,10.8,9.4,2.9,True,True,Building Toys,934,2.5,0.8,0.13,4.48,7.91,8.97,17.88,12.01,0.4018,4.29,76.8
B0BKL6SW3B,Mruikeny Magnetic Tiles Building Blocks for 3 4 5 6 7 8+ Years Old Boys Girls Colorful Magnet Stacking Toys Birthday Gift for Toddlers STEM Preschool Educational Construction Tiles Set,Toys & Games,Building Toys,9.99,4.6,1000,300,35,2.36,14.7,7.9,3.9,True,True,Building Toys,530,2.5,1.24,0.2,1.5,5.44,3.0,9.44,0.55,0.0551,11.67,54.6
B0CB594R7D,"Magnetic Blocks,32PCS Magnetic Building Blocks for Toddlers Age 3-5 Magnet Cubes Toys STEM Educational Sensory Montessori Toys 1-3 Christmas Birthday Gifts for Kids Ages 3 4 5 6 Year Old Boys Girls",Toys & Games,Building Toys,15.99,4.4,777,233,29,1.12,11.3,6.5,3.2,True,True,Building Toys,468,2.5,0.64,0.1,2.4,5.64,4.8,11.44,4.55,0.2846,12.45,58.6
B09V4TZCF6,"Building Blocks for Toddlers 2-5 Including a Baseplate, 150 Piece Big Building Blocks for Kids, Block and Bricks Set Educational Toys for Children Boys Girls All Ages, Compatible with All Major Brands",Toys & Games,Building Toys,30.99,4.7,1200,360,41,1.44,11.0,9.4,5.2,True,True,Building Toys,294,2.5,1.47,0.23,4.65,8.85,9.3,19.15,11.84,0.3821,11.39,69.3
B092D6N5MC,"aotipol Building Blocks for Kids Toddlers Including a Baseplate, 101-piece Large Classic Building Bricks Set for Kids of All Ages, Basic STEM Toys Gift, Compatible with All Major Brands",Toys & Games,Building Toys,25.99,4.7,3000,900,44,1.82,12.0,11.4,3.9,True,True,Building Toys,209,2.5,1.46,0.23,3.9,8.09,7.8,16.89,9.1,0.3501,4.89,75.9
B0BTW7P7H3,"Pairez Toys Foam Building Blocks for Toddlers 2-4, 41 Pieces EVA Soft Stacking Blocks, Baby Bath Foam Toy Set, Early Learning Construction Toys & Gifts for Kids, Boys & Girls 18+ Months",Toys & Games,Building Toys,14.99,4.5,1000,300,27,1.67,14.0,8.6,5.3,True,True,Building Toys,857,2.5,1.74,0.28,2.25,6.77,4.5,12.27,2.72,0.1815,9.0,59.0
B000GIL2DU,Melissa & Doug Deluxe 10-Piece Alphabet Nesting and Stacking Blocks - FSC Certified,Toys & Games,Building Toys,9.59,4.2,5900,1770,37,2.81,15.3,8.7,5.4,True,True,Building Toys,1155,2.5,1.97,0.31,1.44,6.22,2.88,10.1,-0.51,-0.0532,2.09,60.5
B07QN3SFCT,"burgkidz STEM Learning Pipe Tube Construction Building Blocks, Sensory Toys with Wheels Baseplate for All Ages Kids Boys Girls, 188 Pcs",Toys & Games,Building Toys,34.96,4.7,819,245,34,2.31,10.7,7.2,4.7,True,True,Building Toys,781,2.5,0.99,0.16,5.24,8.89,10.49,20.38,14.58,0.417,13.88,64.6
B09YR7B1KS,"Apluses 42PCS Magnetic Blocks, Gifts for 3 4 5 6 Year Old, Magnet Building Blocks for Toddlers, Girls & Boys, Sensory - Montessori - Autism - Magnetic Toys for Kids Ages 3-5 4-8",Toys & Games,Building Toys,15.76,4.7,1900,570,38,2.05,12.5,7.2,4.2,True,True,Building Toys,829,2.5,1.03,0.16,2.36,6.05,4.73,11.78,3.98,0.2525,6.67,72.3
B0D8JGLTYT,"Magnetic Tiles - Road Set, Magnetic Building Blocks, Preschool Montessori Toys Gift for 3+ Year Old Boys and Girls, Sensory Christmas Toys for Kids Aged 3-5 and 4-8, Ideas for Toddler with Autism",Toys & Games,Building Toys,25.98,4.6,1800,540,45,1.29,15.7,7.3,3.3,True,True,Building Toys,989,2.5,1.03,0.16,3.9,7.59,7.79,16.38,9.6,0.3695,8.33,75.9
B0CP4BSFB9,"Goliath Jelly Blox Creative Kit | Includes 20 Blocks | Toddler & Preschool Building Blocks Kids Can Squeeze, Stretch, Squish | MESH ACCREDITED | Safety Tested & Ouch-Free | Sensory Play Toy Ages 2+",Toys & Games,Building Toys,16.99,4.7,2200,660,36,1.57,11.5,6.5,3.8,True,True,Building Toys,521,2.5,0.78,0.12,2.55,5.95,5.1,12.05,4.94,0.2908,5.45,73.7
B0BZSCBJG3,"961 Pcs building toys for kids ages 4-8, Educational STEM Building Blocks for Brain Development & Hands-On Ability Improvement, Construction Toy for Preschool and Kindergarten Boys & Girls Aged 3+",Toys & Games,Building Toys,19.94,4.5,161,100,25,1.45,14.4,8.3,4.7,True,True,Building Toys,873,2.5,1.54,0.24,2.99,7.27,5.98,14.25,5.69,0.2854,25.0,40.8
B0BSNYXZHQ,"PLUS PLUS Rainbow Mix Tube - Mini Interlocking Building Blocks Set, Stem Toys for Kids - Sensory Bin Fillers/Math Manipulatives Classroom Must Haves Gifts for Boys & Girls",Toys & Games,Building Toys,9.99,4.6,1000,300,30,2.19,11.3,7.0,3.4,True,True,Building Toys,1103,2.5,0.83,0.12,1.5,4.95,3.0,8.95,1.04,0.1041,10.0,56.4
B0B18FKNQJ,FUBAODA Building Blocks for Toddlers & Kids 180 Pcs Toy Building Sets – STEM Building Toys –Interlocking Building Blocks for Toddlers and Kids,Toys & Games,Building Toys,23.99,4.5,804,241,36,1.5,13.3,9.6,4.9,True,True,Building Toys,398,2.5,1.71,0.27,3.6,8.08,7.2,16.28,7.71,0.3214,14.94,60.3
B076HK9H7Z,Sorry! Board Game for Kids Ages 6 and Up; Classic Hasbro Board Game; Each Player Gets 4 Pawns; Family Game,Toys & Games,Board Games,8.98,4.8,34000,10200,50,1.92,12.2,10.9,2.2,True,True,Board Games,150,2.5,0.8,0.13,1.35,4.78,2.69,8.47,0.51,0.0568,0.49,66.3
B07P6MZPK3,"Mattel Games UNO Card Game for Kid, Adult & Family Nights & Parties, Travel & Vacations, Color Blind Accessible & Customizable Deck (Amazon Exclusive)",Toys & Games,Board Games,11.87,4.8,60300,18090,50,0.94,4.8,4.5,2.0,True,True,Board Games,397,2.5,0.36,0.02,1.78,4.66,3.56,9.22,2.65,0.2233,0.28,72.2
B00TLEMRKM,"Hasbro Gaming Yahtzee Game, Fast-Playing Dice Games for Kids, Teens, and Adults, Strategy Games, Family Games for Kids, 2 or More Players, Ages 8 and Up",Toys & Games,Board Games,8.88,4.8,40200,12060,50,1.63,10.7,7.4,2.3,True,True,Board Games,300,2.5,0.62,0.08,1.33,4.53,2.66,8.19,0.69,0.0777,0.41,67.1
B00D8STBHY,"Hasbro Gaming Connect 4 Classic Grid, 4 in a Row Game, Strategy Board Games for Kids, 2 Players for Family and Kids, Easter Gifts for Boys and Girls, Ages 6+",Toys & Games,Board Games,8.89,4.8,81400,24420,50,2.11,11.7,11.6,5.2,True,True,Board Games,229,2.5,1.93,0.31,1.33,6.07,2.67,9.74,-0.85,-0.0956,0.2,61.0
B0D87PKYYK,Official Hasbro Games Jenga Game | Digital Die for 6 More Ways to Play | Original Wood Block Game | Stacking Tower | Ages 6+ | 1+ Players | Party Games,Toys & Games,Board Games,14.97,4.8,2500,750,47,1.68,14.6,8.3,5.1,True,True,Board Games,576,2.5,1.69,0.27,2.25,6.71,4.49,12.2,2.77,0.185,6.27,70.2
B00D7OAOYI,Hasbro Gaming Trouble Board Game for Kids Ages 5 and Up 2-4 Players,Toys & Games,Board Games,9.84,4.7,39800,11940,50,1.37,10.2,11.8,2.9,True,True,Board Games,502,2.5,0.95,0.15,1.48,5.08,2.95,9.03,0.81,0.0823,0.42,66.9
B087CBJ465,"Do You Really Know Your Family? A Fun Family Game Filled with Conversation Starters and Challenges - Great for Kids, Teens and Adults",Toys & Games,Board Games,19.82,4.6,16600,4980,50,0.66,10.8,7.0,2.4,True,True,Board Games,914,2.5,0.5,0.08,2.97,6.05,5.95,13.0,6.82,0.3441,1.0,75.7
B0B5HLZ8T4,"Monopoly Game, Family Board Games for 2 to 6 Players & Kids Ages 8 and Up, Includes 8 Tokens (Token Vote Edition)",Toys & Games,Board Games,17.99,4.8,5700,1710,50,2.42,14.9,9.5,4.9,True,True,Board Games,176,2.5,1.9,0.3,2.7,7.4,5.4,13.8,4.19,0.2329,2.92,72.3
B09D44JH4S,"Hasbro Gaming Scrabble Board Game, Classic Word Games for Kids Ages 8 and Up, Fun Family Game for 2-4 Players, The Classic Crossword Game",Toys & Games,Board Games,21.92,4.8,5300,1590,50,1.19,10.5,10.8,4.9,True,True,Board Games,100,2.5,1.52,0.24,3.29,7.55,6.58,15.13,6.79,0.3098,3.14,74.9
B09QRXD9H1,"USAOPOLY The Original TAPPLE, The Fast-Paced Family Board Game,Choose a Category & Race Against The Timer to be The Last Player,Learning Word Game for Ages 8 & Up, 2-8 Players, 15-20 Minute Play Time",Toys & Games,Board Games,19.98,4.7,11100,3330,50,1.31,14.1,11.4,2.4,True,True,Board Games,657,2.5,1.05,0.17,3.0,6.72,5.99,13.71,6.27,0.3138,1.5,74.9
B08BHHRSPK,"The Game of Life Board Game, Family Games for Kids Ages 8 and Up, Pegs Come in 6 Colors, Family Board Games for 2 to 4 Players",Toys & Games,Board Games,21.92,4.7,6800,2040,50,2.37,10.9,10.8,4.1,True,True,Board Games,513,2.5,1.32,0.21,3.29,7.32,6.58,14.9,7.02,0.3203,2.45,75.1
B09D4QRJ8Y,Hasbro Gaming Battleship Classic Board Game | Strategy Games for Kids and Adults | Ages 7+ | 2 Players | Fun Kids Games | Family Games,Toys & Games,Board Games,14.44,4.7,7800,2340,50,0.93,13.3,9.7,4.9,True,True,Board Games,1068,2.5,1.73,0.27,2.17,6.67,4.33,12.0,2.44,0.169,2.14,69.8
B008J87PVC,"Hasbro Twister Party Classic Board Game for 2 or More Players,Indoor and Outdoor Game for Kids 6 and Up,Packaging May Vary",Toys & Games,Board Games,14.34,4.7,14200,4260,50,3.15,8.3,11.3,5.6,True,True,Board Games,604,2.5,1.44,0.23,2.15,6.32,4.3,11.62,2.72,0.1897,1.17,70.6
B08MVWB4SC,"Hasbro Gaming Guess Who? Board Game, with People and Pets Cards, The Original Guessing Game for Kids, Ages 6 and Up, Easter Gifts for Boys and Girls (Amazon Exclusive)",Toys & Games,Board Games,16.56,4.6,6900,2070,48,0.51,5.9,4.9,1.3,True,True,Board Games,197,2.5,0.19,0.02,2.48,5.19,4.97,11.16,5.4,0.3261,2.32,75.0
B00000IVAK,"SEQUENCE- Original SEQUENCE Game with Folding Board, Cards and Chips by Jax ( Packaging may Vary ) White, 10.3"" x 8.1"" x 2.31""",Toys & Games,Board Games,19.97,4.8,45400,13620,50,0.43,7.1,4.7,1.4,True,True,Board Games,803,2.5,0.16,0.02,3.0,5.68,5.99,12.67,7.3,0.3655,0.37,77.2
B0DN37BBGD,Monopoly Board Game | Classic Game with Storage Tray and Larger Tokens | Ages 8+ | 2 to 6 Players | Family Games for Kids and Adults | Kids Gifts,Toys & Games,Board Games,19.97,4.8,1300,390,43,3.32,8.8,7.5,3.9,True,True,Board Games,394,2.5,1.26,0.11,3.0,6.87,5.99,13.86,6.11,0.306,11.03,68.5
B0DYK1ZH2D,"CATAN Board Game (6th Edition) Trade, Build & Settle in the Classic Strategy Game for Family, Kids & Adults, Ages 10+, 3-4 Players, 60-90 Min Playtime",Toys & Games,Board Games,39.99,4.8,39500,11850,50,1.41,11.0,9.2,4.3,True,True,Board Games,1080,2.5,1.19,0.19,6.0,9.88,12.0,22.88,17.11,0.4279,0.42,79.3
B077Z1R28P,"Taco Cat Goat Cheese Pizza Wildly Entertaining Card Game for Family and Group Game Night | Easy to Learn and Play with 10-15 Minute Rounds | Fun for Kids, Teens, Adults, and Families | 2-8 Players",Toys & Games,Board Games,9.95,4.8,53400,16020,50,0.46,5.8,3.6,2.1,True,True,Board Games,373,2.5,0.17,0.02,1.49,4.18,2.98,8.16,1.79,0.1799,0.31,70.7
B084D2XQ9F,"HUES and CUES - Vibrant Color Guessing Board Game for 3-10 Players Ages 8+, Connect Clues and Guess from 480 Color Squares",Toys & Games,Board Games,24.97,4.7,10100,3030,50,0.86,8.4,9.7,3.9,True,True,Board Games,426,2.5,0.87,0.14,3.75,7.26,7.49,15.75,9.22,0.3692,1.65,76.9
B00000DMF5,"Hasbro Gaming Candy Land Kingdom of Sweet Adventures Board Game for Kids, Easter Gifts for Boys and Girls, Ages 3 & Up (Amazon Exclusive)",Toys & Games,Board Games,12.86,4.8,37300,11190,50,2.04,14.2,11.5,3.7,True,True,Board Games,823,2.5,1.65,0.26,1.93,6.34,3.86,11.2,1.66,0.1291,0.45,68.9
B0B2JZHQ2P,"Tic Tac Toe Board Game,Tic Tac Toe Family Game, Classic Board Game, Classical Family Board Game,Children's Tic Tac Toe Game, Plastic tic tac Toe Game, Board Size 15 X 15 cm",Toys & Games,Board Games,5.97,4.3,1600,480,48,2.0,11.5,6.8,4.6,True,True,Board Games,461,2.5,0.98,0.16,0.9,4.54,1.79,7.33,-1.36,-0.2278,10.0,52.9
B0BRYH5FJ8,"Spin Master Games, Hedbanz 2023 Edition with New Cards, Picture Guessing Board Game, for Family & Kids, 2-6 Players, for Ages 6 & Up",Toys & Games,Board Games,16.99,4.7,15500,4650,50,0.6,7.8,3.7,2.2,True,True,Board Games,727,2.5,0.23,0.03,2.55,5.31,5.1,11.41,5.58,0.3284,1.08,75.5
B08BJCZ1MW,"Guess The Gibberish Card Game for Families by Relatable, From The Creators of Incohereant, Fun Kids Games for Kids 12+, Game Night With Friends, Includes 400 Cards, Instructions, and 1 Sand Timer",Toys & Games,Board Games,19.82,4.6,26300,7890,50,0.94,7.5,4.9,1.5,True,True,Board Games,1032,2.5,0.36,0.02,2.97,5.85,5.95,12.8,7.02,0.3542,0.63,76.1
B0812BN1L1,"WHAT DO YOU MEME? Family Edition by Relatable, Now with Refreshed Content - Kids Games 8+, Family Games for Kids and Adults, The TikTok Viral Sensation, Includes 300 Caption Cards, 108 Photo Cards",Toys & Games,Board Games,19.97,4.6,37400,11220,50,0.8,5.2,3.4,1.1,True,True,Board Games,328,2.5,0.3,0.01,3.0,5.81,5.99,12.8,7.17,0.359,0.45,76.3
B0D4QRR7R1,"2026 New Assembly Completed-Titan 13 Action Figure,Dummy Robot 13 Action Figures Set,3D Printed Multi-Jointed Action Figures,Nova 13 Action Figure for Collectors Desktop Decorations (9pcs)",Toys & Games,Action Figures,32.99,4.4,889,266,42,1.03,13.6,8.4,5.9,True,True,Action Figures,571,2.5,1.84,0.29,4.95,9.58,9.9,20.48,12.51,0.3792,15.79,63.2
B0CXTB8F5M,"Dumwick Titan13 Action Figure, Lucky Robot 13 Action Figure,3D Printed Multi-Jointed Movable Action Figures,Dummy Robot 13 Figure Creative Gifts for Kids Adults (5pcs)",Toys & Games,Action Figures,21.99,4.4,202,100,45,0.76,14.3,8.7,4.7,True,True,Action Figures,207,2.5,1.6,0.25,3.3,7.65,6.6,15.25,6.74,0.3065,45.0,40.5
B0G3LC8ND8,T13 Figure Set & Titan 13 Toys（3d Printed Action Figures Assembly Completed）（Multi-Jointed Movable）（Octopus Man Designs Includes Various Accessories）Dummy T 13 Figures Desk Decoration (Silvery),Toys & Games,Action Figures,16.99,4.0,37,100,26,1.42,14.4,9.8,3.4,True,True,Action Figures,793,2.5,1.31,0.21,2.55,6.57,5.1,12.67,4.32,0.2543,26.0,34.4
B07ZHS1L15,"Marvel Super Hero Adventures 5-Inch Action Figure 5-Pack, Includes Captain America, Spider-Man, 5 Accessories (Amazon Exclusive)",Toys & Games,Action Figures,20.16,4.8,3000,900,48,0.96,13.4,7.7,2.5,True,True,Action Figures,1173,2.5,0.71,0.11,3.02,6.34,6.05,13.39,6.77,0.3358,5.33,75.6
B0BS4GVV4D,"Marvel Avengers Ultimate Protectors Pack, 6-Inch-Scale, 8 Action Figures with Accessories, Super Hero Toys, Toys for Boys and Girls Ages 4 and Up",Toys & Games,Action Figures,44.99,4.7,1000,300,30,0.79,12.5,11.0,5.1,True,True,Action Figures,209,2.5,1.92,0.3,6.75,11.47,13.5,25.97,19.02,0.4228,10.0,67.9
B0D3BW4QQ6,"MerryXD 6 Pack Assembly Completed T13 3D Action Figure,Dummy Nova Titan Lucky 13 Action Figure 3D Printed Multi-Jointed Movable Toy",Toys & Games,Action Figures,24.99,4.3,2500,750,42,1.37,13.1,11.7,3.4,True,True,Action Figures,1145,2.5,1.42,0.23,3.75,7.9,7.5,16.4,8.59,0.3437,5.6,74.4
B0DH3FR1Y5,"4.7"" Turtles Action Figures 6PCS Figure Bundle Toys Collection Birthday for Kids",Toys & Games,Action Figures,23.39,4.4,503,150,43,0.68,13.7,7.0,4.8,True,True,Action Figures,502,2.5,1.26,0.2,3.51,7.47,7.02,15.49,7.9,0.3378,28.67,54.7
B0FDWQVJKT,"Marvel Spider-Man Titan Series Action Figure, 12-Inch (30 cm) Super Hero Toys for Kids Ages 4+",Toys & Games,Action Figures,10.99,4.8,542,162,30,0.51,12.1,6.7,2.4,True,True,Action Figures,909,2.5,0.53,0.08,1.65,4.76,3.3,9.06,1.93,0.1756,18.52,51.8
B0D4QSWFVN,"2026 New Assembly Completed-Titan 13 Action Figure,Dummy Robot 13 Action Figures Set,3D Printed Multi-Jointed Action Figures,Nova 13 Action Figure for Collectors Desktop Decorations (5pcs)",Toys & Games,Action Figures,21.99,4.4,889,266,36,1.22,10.4,8.1,3.9,True,True,Action Figures,514,2.5,0.9,0.14,3.3,6.84,6.6,14.44,7.55,0.3433,13.53,62.2
B08PHZJJ62,"Marvel Avengers Endgame Titan Hero Series 12"" Action Figures Captain America, Iron Spider, Black Panther, and Iron Man (4 Action Figures)",Toys & Games,Action Figures,38.0,4.6,1100,330,44,1.32,14.3,10.1,3.5,True,True,Action Figures,706,2.5,1.38,0.22,5.7,9.8,11.4,22.2,15.8,0.4158,13.33,68.5
B0FK2GHVB8,"[6-PACK] Glowing Titan 13 Action Figure Set Already Assembled, Dummy 13 3D Printed Action Figures With Weapons Accessories T Lucky Robo 13 Nova 13 Action Figures, Figura de acción 13 (6-Colors)",Toys & Games,Action Figures,34.99,4.1,250,100,35,0.94,9.9,7.8,3.8,True,True,Action Figures,980,2.5,0.8,0.13,5.25,8.68,10.5,20.18,14.81,0.4233,35.0,46.1
B0CVRP126M,"MerryXD T13 3D Action Figure,Assembly Completed Dummy Nova Titan Lucky 13 Action Figure 3D Printed Multi-Jointed Movable Toy Red",Toys & Games,Action Figures,6.99,4.3,2500,750,42,1.18,10.0,10.6,4.1,True,True,Action Figures,1068,2.5,1.19,0.19,1.05,4.93,2.1,8.03,-1.04,-0.1488,5.6,57.1
B0GS879967,"6 Packs T13 Action Figure Set (Assembly Completed), 3D Printed Multi-Jointed Movable Dummy 13，Titan13 Action Figure, Action Figure Desktop Decorations for Game Lovers Toy, Christmas Birthday Gift",Toys & Games,Action Figures,23.99,3.5,16,100,33,1.1,14.2,6.9,4.0,True,True,Action Figures,580,2.5,1.07,0.17,3.6,7.34,7.2,15.54,8.45,0.3522,33.0,35.0
B0DBGB27FJ,T13 3D Action Figures Set Titan 13 Action Figure Dummy 3D Printed Robo Multi-Jointed Movable Toy with Full Articulation for Collectors Desktop (Assembly Completed Pink White Figure + Dog),Toys & Games,Action Figures,14.99,4.3,679,203,33,0.79,8.8,9.9,3.7,True,True,Action Figures,959,2.5,0.88,0.14,2.25,5.77,4.5,11.27,3.72,0.2482,16.26,55.1
B00ECV5436,Hasbro Marvel Avengers Series Marvel Assemble Titan Hero Iron Man 12' Action Figure,Toys & Games,Action Figures,9.18,4.6,6200,1860,42,1.2,14.7,6.1,3.1,True,True,Action Figures,274,2.5,0.76,0.12,1.38,4.76,2.75,8.51,0.67,0.073,2.26,66.1
B07PMYKXY8,"Mr.River US Army Men and SWAT Team Toy Soldiers Action Figures with Military Weapons Accessories for Kids Boys Girls,12Pcs",Toys & Games,Action Figures,18.99,4.6,6300,1890,40,0.71,9.3,8.8,3.8,True,True,Action Figures,1028,2.5,0.85,0.13,2.85,6.33,5.7,13.03,5.96,0.3138,2.12,74.6
B0DSCJNB2V,"DC Comics, Batman Battle Clash 6” Ninja Strike Batman Action Figure with 2 Ninja Accessories, Super Hero Kids Toys for Boys and Girls Ages 3 & Up",Toys & Games,Action Figures,6.18,4.7,364,109,33,1.46,10.5,7.2,3.3,True,True,Action Figures,888,2.5,0.68,0.11,0.93,4.22,1.85,7.07,-0.89,-0.144,30.28,32.4
B0DQ6C22M2,"MrBeast Lab Hybrids Mega Pack, Reveal Different Hybrid Parts to Create 5 Mix & Match Action Figures, Including a Mega Torso Panther Experiment to Reveal Hybrid's Real Colors, Collect 30+ Beasts",Toys & Games,Action Figures,34.88,4.6,1500,450,47,1.07,12.0,11.0,4.4,True,True,Action Figures,712,2.5,1.59,0.25,5.23,9.57,10.46,21.03,13.85,0.3971,10.44,74.2
B08TQB3CDZ,"Marvel Titan Hero Series Action Figure Multipack, 6 Action Figures, 12-Inch Toys, Inspired By Marvel Comics, For Kids Ages 4 And Up (Amazon Exclusive)",Toys & Games,Action Figures,53.74,4.7,2900,870,31,1.16,12.7,6.1,3.6,True,True,Action Figures,260,2.5,0.76,0.12,8.06,11.44,16.12,28.56,25.18,0.4686,3.56,80.1
B09JHS8DB3,"Marvel Titan Hero Series Deluxe Venom Toy 12-Inch-Scale Collectible Action Figure, Kids Ages 4 and Up",Toys & Games,Action Figures,13.99,4.8,5000,1500,44,1.44,14.4,6.4,5.4,True,True,Action Figures,531,2.5,1.36,0.22,2.1,6.18,4.2,11.38,2.61,0.1866,2.93,70.6
B0CP481DTZ,"Spidey and his Amazing Friends Hasbro Marvel, Friends & Foes Pack, 5 Action Figures, 4-Inch, Preschool Super Hero Toys for Kids Ages 3 and Up (Amazon Exclusive)",Toys & Games,Action Figures,21.99,4.9,2300,690,47,1.25,10.2,7.3,4.5,True,True,Action Figures,614,2.5,0.92,0.15,3.3,6.87,6.6,14.47,7.52,0.342,6.81,76.0
B0C6T3PFQP,"TwCare Set of 10 Dinosaur vs Kong Dinosaur Dragon Toys Movable Joint Action Figures, King of The Monsters Shin Ultima Gamera Mecha MechaGodzilla Ghidorah Skull Crawler Destoroyah Cake Toppers Pack",Toys & Games,Action Figures,23.99,4.6,416,124,42,0.84,11.8,8.7,2.1,True,True,Action Figures,237,2.5,0.59,0.09,3.6,6.78,7.2,14.98,9.01,0.3756,33.87,52.2
B0CY229MPF,"MerryXD T13 3D Action Figure,Assembly Completed Dummy Nova Titan Lucky 13 Action Figure 3D Printed Multi-Jointed Movable Toy Grow in The Dark Blue",Toys & Games,Action Figures,6.99,4.3,2500,750,36,1.14,14.7,11.3,2.2,True,True,Action Figures,883,2.5,1.0,0.16,1.05,4.71,2.1,7.81,-0.82,-0.1173,4.8,58.3
B0DCN49CGP,"5-Pack Titan 13 Action Figure Already Assembled, Multi-Colored Titan 13 Action Figure Set with Laser Saber 3D Printed Dummy 13 Lucky Robo Dummy Nova 13 Action Figures, Figura de acción 13",Toys & Games,Action Figures,28.99,4.3,445,133,40,1.41,8.3,9.3,5.9,True,True,Action Figures,830,2.5,1.25,0.2,4.35,8.3,8.7,18.0,10.99,0.3791,30.08,53.2
B07T9CCRK6,Marvel Titan Hero Series Spider-Man 12-Inch Action Figure with Fx Port,Toys & Games,Action Figures,12.98,4.8,12900,3870,50,1.09,14.7,6.5,4.7,True,True,Action Figures,581,2.5,1.23,0.19,1.95,5.87,3.89,10.76,2.22,0.171,1.29,70.3
B0BSH8DVTB,"Army Men Action Figures,Soldiers Toys for Boys Age 4-7,Military Playset Action Figures Soldier Toy Set with Weapons Birthdaty Halloween Xmas Gift for Boys",Toys & Games,Action Figures,9.99,4.3,920,276,40,1.38,12.5,7.5,5.1,True,True,Action Figures,706,2.5,1.31,0.21,1.5,5.52,3.0,9.52,0.47,0.047,14.49,51.9
B0DTBZJLLZ,"DC Comics, Batman Ninja Strike 6"" 3-Pack Battle Set Action Figures with Pop-Out Ninja Accessories, Super Hero Kids Toys for Boys and Girls Ages 3 & Up",Toys & Games,Action Figures,9.19,4.7,142,100,38,1.14,13.5,9.3,2.3,True,True,Action Figures,433,2.5,0.79,0.13,1.38,4.8,2.76,8.56,0.63,0.0686,38.0,32.0
B07PQFT83F,"Disney Store Official Buzz Lightyear Interactive Talking Action Figure from Toy Story, Features 10+ English Phrases, Interacts with Other Figures and Toys",Toys & Games,Action Figures,39.95,4.7,48300,14490,47,1.01,14.2,10.1,2.5,True,True,Action Figures,739,2.5,0.98,0.16,5.99,9.63,11.99,22.62,17.33,0.4338,0.32,79.3
B0CYXHHXVZ,"Gatling Gun Titan 13 Action Figure Set【Assembled】, Robot T Action Figure 3D Printed Dummy 13 Action Fidget Toys Figure Articulated, Lucky 13 for Collectors Desktop Decorations (Red-Black)",Toys & Games,Action Figures,9.98,4.3,651,195,33,1.27,8.6,7.2,6.0,True,True,Action Figures,616,2.5,1.02,0.16,1.5,5.18,2.99,9.17,0.81,0.0812,16.92,48.8
B0FCDRZSFX,Titan 13 Action Figures (Grow in The Dark Blue) T13 3D Action Figure Set Already Assembled Dummy Robot Nova 13 Printed Multi-Jointed Movable Toy for Gift Collectors (Blue Orange + Dog),Toys & Games,Action Figures,15.99,4.5,106,100,36,1.01,13.5,9.1,2.8,True,True,Action Figures,719,2.5,0.94,0.15,2.4,5.99,4.8,11.79,4.2,0.2627,36.0,37.3
B0BM45GQ2K,"Coogam Matching Letters Fine Motor Toy, 26 PCS Double-Sided ABC Dinosaur Alphabet Match Game with Uppercase Lowercase, Preschool Educational Montessori Learning Toys for Toddlers",Toys & Games,Action Figures,29.98,4.7,839,251,45,0.59,12.3,6.0,5.1,True,True,Action Figures,729,2.5,1.03,0.16,4.5,8.19,8.99,18.18,11.8,0.3936,17.93,63.6
B0B3Y5TYW3,"3pc Monster Squishy Fidget Toys – Stretch, Squeeze & Squish Stress Relief | Fun Action Figures for Boys & Kids | Valentine's & Easter Gifts – Sensory Toys for Kids – So Fun",Toys & Games,Action Figures,16.99,4.4,73,100,27,0.58,12.4,11.8,3.3,True,True,Action Figures,1143,2.5,1.32,0.21,2.55,6.58,5.1,12.68,4.31,0.2537,27.0,36.6
B07FNQFLJ5,Ayeboovi Toss and Catch Ball Game Outdoor Toys for Kids Yard Games Beach Toys Outside Games for 3 4 5 6 7 8 9 10 Year Old Boys Girls (Upgraded),Toys & Games,Outdoor Play,26.08,4.6,5200,1560,46,4.19,8.5,6.9,5.8,True,True,Outdoor Play,896,2.5,1.59,0.15,3.91,8.15,7.82,16.97,9.11,0.3493,2.95,75.7
B0BXF8W8BM,"John Deere Bubble Lawn Mower for Toddlers, Bubble Blowing Machines, Indoor and Outdoor Gardening Toy, Birthday, Party Favor for Preschool Girls and Boys, No Batteries Required, 2+",Toys & Games,Outdoor Play,19.59,4.4,3700,1110,30,2.25,13.8,10.6,3.4,True,True,Outdoor Play,597,2.5,1.36,0.22,2.94,7.02,5.88,13.9,5.69,0.2905,2.7,73.1
B0F1NGC7GJ,"Non-Slip Splash Pad for Kids and Dog, 80"" Extra Large Baby Play Mat, Dog Pool Toys, Thicken Sprinkler Pool Summer Outdoor Water Toys for Ages 3-12 Boys Girls, Parent-Kids &Games Fun Backyard (Blue)",Toys & Games,Outdoor Play,32.99,4.2,611,183,39,2.3,13.5,7.7,4.9,True,True,Outdoor Play,835,2.5,1.39,0.22,4.95,9.06,9.9,19.96,13.03,0.395,21.31,58.4
B0DTJ6WHHH,"Tiki Torch Bubbler - Summer Pool Party Bubble Machine with Lights and Music, Bubble Blower and Wand, Rechargeable Outdoor Toy for Kids Teens Birthday Party, 4 Feet Tall, Includes 4oz Bubble Solution",Toys & Games,Outdoor Play,14.99,3.8,1000,300,35,2.17,11.5,9.5,6.2,True,True,Outdoor Play,334,2.5,1.85,0.29,2.25,6.89,4.5,12.39,2.6,0.1734,11.67,56.3
B084SKWCBS,"Sunny Days Entertainment Sidewalk Chalk Set for Kids with Storage, Washable, Jumbo Colored Chalk for Outdoor Play and Chalkboard Art - Ages 3+ (20 Pieces, Multicolor)",Toys & Games,Outdoor Play,8.28,4.7,2100,630,33,2.37,9.5,7.3,4.9,True,True,Outdoor Play,956,2.5,0.93,0.15,1.24,4.82,2.48,8.3,-0.02,-0.0024,5.24,63.5
B08P29SC84,"Nerf Vortex Aero Howler Foam Ball, Classic Long-Distance Football, Flight-Optimizing Tail, Whistling Sound, Indoor & Outdoor Fun, Christmas Stocking Stuffers for Kids",Toys & Games,Outdoor Play,11.99,4.8,11300,3390,40,2.75,9.0,7.6,3.5,True,True,Outdoor Play,1064,2.5,1.04,0.1,1.8,5.44,3.6,10.04,1.95,0.1626,1.18,70.0
B0CF8LHP8F,"pamexin Outside Toys for Kids Ages 4-8 - Manual Capture Catching Game - Toddler Chasing Toy for Boys & Girls, Ages 3-7 - Outdoor Fun Family Games",Toys & Games,Outdoor Play,16.95,4.7,1300,390,31,2.1,8.7,7.0,2.3,True,True,Outdoor Play,1132,2.5,0.8,0.06,2.54,5.9,5.08,11.98,4.97,0.2932,7.95,68.1
B0791V329G,"Sunny Days Entertainment Maxx Bubbles 4oz Bubble Wands – 6 Pack Bubble Wand Toy | Summer Fun, Outdoor Birthday Party Favors for Kids, 101799 Blue",Toys & Games,Outdoor Play,8.95,4.3,3000,900,35,2.06,14.0,11.1,3.3,True,True,Outdoor Play,516,2.5,1.4,0.22,1.34,5.46,2.68,9.14,-0.19,-0.0212,3.89,61.8
B08V1R43HT,"Animal Bean Bag Toss Game Toy Outdoor Toss Game, Family Party Party Supplies for Kids, Gift for Boys Birthday or Christmas for Toddlers Ages 3 4 5 6 Year Old",Toys & Games,Outdoor Play,24.99,4.5,5600,1680,40,3.18,13.8,6.0,3.8,True,True,Outdoor Play,348,2.5,1.21,0.14,3.75,7.6,7.5,16.1,8.89,0.3557,2.38,75.7
B07MBHK9SY,"Intex 96"" x 78"" x 28"" Inflatable Jungle Adventure Play Center Spray Kiddie Pool - Backyard Kids Water Slide, Outdoor Blow-Up Splash Pad for Toddlers",Toys & Games,Outdoor Play,70.19,4.4,33800,10140,35,2.13,13.5,7.2,3.6,True,True,Outdoor Play,228,2.5,0.96,0.15,10.53,14.14,21.06,36.2,33.99,0.4843,0.35,80.1
B0BRZXJFHM,"12Pcs Reusable Water Balloons, Pool Beach water Toys for Boys and Girls, Outdoor Summer Toys for Kids Ages 3-12",Toys & Games,Outdoor Play,26.57,4.7,3000,900,45,4.64,14.9,7.0,4.2,True,True,Outdoor Play,1118,2.5,1.76,0.19,3.99,8.44,7.97,17.41,9.16,0.3447,5.0,75.7
B07MNMT3M7,"SplashEZ 3-in-1 Splash Pad, Sprinkler for Kids & Baby Pool for Learning – Toddler Sprinkler Pool, 60’’ Outside Water Toys – “from A to Z” Outdoor Play Mat for Babies & Toddlers",Toys & Games,Outdoor Play,19.99,4.4,28500,8550,50,3.09,12.0,8.8,2.4,True,True,Outdoor Play,992,2.5,1.17,0.11,3.0,6.78,6.0,13.78,6.21,0.3107,0.58,74.0
B01B1X3USS,"BANZAI: Bump N' Bounce Body Bumpers, A Game of Bumping & Bopping, 2 Bumpers Included in Red & Blue, Fun & Safe Cushion Inflatable Surface, For Ages 4 and up",Toys & Games,Outdoor Play,22.99,4.2,11000,3300,50,2.22,13.2,11.3,2.1,True,True,Outdoor Play,243,2.5,0.86,0.14,3.45,6.95,6.9,14.85,8.14,0.3541,1.52,74.8
B01N6IKSSZ,"Toddler Sensory Kids Table with Lid | Sensory Bin | Kidoozie | Mega Block Compatible Lid | Indoor Outdoor Use , Red, G02521 17 x 12.5 x 11 inches",Toys & Games,Outdoor Play,22.99,4.4,5900,1770,50,1.13,13.9,6.0,5.7,True,True,Outdoor Play,131,2.5,1.3,0.21,3.45,7.46,6.9,15.36,7.63,0.3319,2.82,74.5
B0DH1RD67X,"Otoseth Toy Rocket Launcher for Kids - Launch up to 100 Ft, 8 Foam Rockets & Adjustable Launch Stand, Outdoor Toys for Kids Ages 4-8, Birthday Gifts for Boys, Toy for Toddlers Age 3+",Toys & Games,Outdoor Play,18.99,4.6,1300,390,40,3.46,10.8,6.4,2.4,True,True,Outdoor Play,1172,2.5,1.31,0.07,2.85,6.73,5.7,13.43,5.56,0.2928,10.26,67.5
B091GH44TL,"JOYIN Big Bubble Wands Set Bulk for Kids Summer Outdoor Toy Game Activity Party Favors, 18 Pcs Giant Bubble Maker with Tray, 12"" Large, 6 Pcs Solution Suitable for All Age People",Toys & Games,Outdoor Play,25.99,4.6,3500,1050,39,4.75,13.3,6.6,5.9,True,True,Outdoor Play,437,2.5,1.8,0.22,3.9,8.42,7.8,17.22,8.77,0.3374,3.71,75.2
B08GJ6T6XL,"unanscre 31PCS 3 in 1 Carnival Outdoor Games Combo Set for Kids, Soft Plastic Cones Bean Bags Ring Toss Game, Gift for Birthday Party/Xmas",Toys & Games,Outdoor Play,19.99,4.6,3500,1050,33,2.72,14.8,12.0,3.7,True,True,Outdoor Play,166,2.5,1.8,0.29,3.0,7.59,6.0,14.59,5.4,0.2701,3.14,72.9
B0C4G5G44R,"National Geographic Bug Catcher Kit for Kids - Kids Bug Habitat with Magnified Viewer, Bug Catcher, Tweezers & Learning Guide, Insect Habitat, Outdoor Toys, Kids Bug Catching Kit, Bug Box",Toys & Games,Outdoor Play,19.99,4.8,1700,510,34,2.59,11.6,8.9,5.5,True,True,Outdoor Play,1071,2.5,1.55,0.25,3.0,7.3,6.0,14.3,5.69,0.2846,6.67,73.7
B07CSL91V5,PACEARTH 40 Inch Saucer Tree Swing Flying 900lb Weight Capacity 2 Added Hanging Straps Adjustable Multi-Strand Ropes Colorful Safe and Durable Swing Seat for Children,Toys & Games,Outdoor Play,39.99,4.7,6200,1860,44,1.22,11.7,10.5,2.3,True,True,Outdoor Play,352,2.5,0.77,0.12,6.0,9.39,12.0,22.39,17.6,0.4401,2.37,79.3
B08HC44TBP,JOYIN Arcade Basketball Game Set with 4 Balls and Hoop for Kids 3+ Years Old Indoor Outdoor Sport Play - Easy Set Up - Air Pump Included - Ideal for Competition,Toys & Games,Outdoor Play,39.99,4.4,3700,1110,37,4.19,8.4,6.1,5.9,True,True,Outdoor Play,668,2.5,1.59,0.13,6.0,10.22,12.0,23.22,16.77,0.4194,3.33,77.5
B07CY4BVRL,HEY! PLAY! Hopscotch Rings Game - Ten 11-Inch Plastic Rings and 15 Connectors for Indoor and Outdoor Use - Play Set for Girls and Boys (Multicolored),Toys & Games,Outdoor Play,19.0,3.8,1000,300,27,4.04,10.9,8.9,2.4,True,True,Outdoor Play,804,2.5,1.54,0.1,2.85,6.99,5.7,13.69,5.31,0.2795,9.0,60.3
B0796JVBJ8,"Max Liquidator 6-Pack Water Blaster Set, Multicolor",Toys & Games,Outdoor Play,17.97,4.7,10400,3120,45,1.28,8.5,10.0,5.6,True,True,Outdoor Play,926,2.5,1.3,0.21,2.7,6.71,5.39,13.1,4.87,0.271,1.44,73.4
B0FDQ332YS,"Baby Doll Crib and Stroller Accessories Play Set with 11"" Baby Doll,Dining Chair,24 PCS Dolls Accessories and 2 Sets Clothes,Realistic Pretend Play for Girls Kids 3-5 4-6 5-7 Year Gifts",Toys & Games,Dolls & Accessories,38.99,4.0,233,100,28,1.05,9.5,7.5,3.6,True,True,Dolls & Accessories,1052,2.5,0.7,0.11,5.85,9.16,11.7,21.86,17.13,0.4393,28.0,46.6
B0DXF37491,"13 Pcs Baby Doll Accessories Magic Bottle Set,Pretend Play Feeding Toy Set with Package,Doll Feeding Set for Kids Girls,Magic Disappearing Juice Milk Bottles,Sippy Cups,Pacifiers,Bowl Spoons",Toys & Games,Dolls & Accessories,6.99,4.7,321,100,25,1.24,9.3,10.3,4.5,True,True,Dolls & Accessories,1150,2.5,1.18,0.19,1.05,4.92,2.1,8.02,-1.03,-0.1474,25.0,31.1
B0F876Q7RB,American 18 Inch Doll Makeup Accessories and Clothes Set Includes 18 Inch Doll Clothes and Shoes Bag Makeup Brush Set Foldable Haircomb Eyeshadow Lipstick Bow Hair Clip Sunglasses Hair Rope（No Dolls）,Toys & Games,Dolls & Accessories,25.99,4.5,296,100,39,1.18,12.8,6.9,5.9,True,True,Dolls & Accessories,274,2.5,1.42,0.23,3.9,8.05,7.8,16.85,9.14,0.3517,39.0,45.8
B0FN3T5B67,"Pynqdfu 15Pcs Baby Doll Accessories Magic Bottle Set,Pretend Play Feeding Toy with Juice Milk Bottles,Sippy Cups,Pacifiers,Bowl Spoons,Bib,Diaper,Dolls Feeding Kit for Kids Girls,Party,Gift",Toys & Games,Dolls & Accessories,7.99,4.6,119,100,26,1.48,13.6,7.5,3.6,True,True,Dolls & Accessories,1021,2.5,1.0,0.16,1.2,4.86,2.4,8.26,-0.27,-0.0338,26.0,28.6
B0CY4X37RD,"BABESIDE Baby Dolls, 17inch Large Realistic Cute Soft Body Baby Doll Real Life Baby Dolls with Accessories for 3+ Year Old Girls Gifts, Pretend Play, Collection",Toys & Games,Dolls & Accessories,23.98,4.6,4700,1410,45,0.54,11.7,6.9,5.3,True,True,Dolls & Accessories,695,2.5,1.17,0.19,3.6,7.46,7.19,15.65,8.33,0.3474,3.19,75.6
B0FG2VFP22,"Baby Doll Stroller Playset for Girls Toddlers 3-5 4-6 5-7 Year Old to Play House Games. Stroller Toy with 12.5"" Baby Doll, Dining Chair, Quilt Pillow, 24 PCS Doll Accessories and 2 Sets Clothes.",Toys & Games,Dolls & Accessories,37.98,4.3,200,100,35,0.51,12.1,9.0,5.0,True,True,Dolls & Accessories,132,2.5,1.49,0.24,5.7,9.93,11.39,22.32,15.66,0.4123,35.0,44.8
B08SKYD8LL,"14 Pack Baby Doll Accessories, Baby Doll Feeding and Caring Set Includes Diaper Bag, Doll Diapers, Magic Bottle, Changing Mat for Girl Toddler Kid, Babies Pretend Play Set for Birthday Gift Christmas",Toys & Games,Dolls & Accessories,15.98,4.4,4300,1290,39,0.84,14.2,7.0,2.7,True,True,Dolls & Accessories,396,2.5,0.73,0.12,2.4,5.75,4.79,11.54,4.44,0.2778,3.02,72.6
B0D7KYTJ7N,"UZIDBTO 12"" Baby Doll with Flower Pattern Backpack Carrier,12 Inch Realistic Baby Dolls with Clothes and Accessories Hanky Pacifier Bottle Diaper Toy Pretend Play Collection for 3+ Child Girls Gifts",Toys & Games,Dolls & Accessories,28.99,4.6,596,178,33,0.62,9.6,8.4,4.7,True,True,Dolls & Accessories,976,2.5,1.04,0.16,4.35,8.05,8.7,17.75,11.24,0.3877,18.54,59.4
B07NJCLP9G,"My Sweet Baby 13-Piece Doll Feeding & Diaper Bag Set – Disappearing Milk Bottles, Bibs, Pacifiers, Diapers & Accessories Set – Pretend Play Baby Doll Care Kit for Girls – Fits 12–18″ Dolls",Toys & Games,Dolls & Accessories,14.99,4.7,22900,6870,44,0.52,9.0,7.9,5.7,True,True,Dolls & Accessories,1143,2.5,1.11,0.18,2.25,6.04,4.5,11.54,3.45,0.2302,0.64,72.1
B082N2TFZG,"138 Pcs Doll Clothes and Accessories, 5 Wedding Gowns 9 Fashion Dresses 3 Tops 3 Pants 3 Bikini Swimsuits 20 Shoes for 11.5 inch Doll Christmas Stocking Stuffers Girls Gift Age 5-7 8-10",Toys & Games,Dolls & Accessories,17.99,4.5,20800,6240,49,0.52,10.4,7.4,4.9,True,True,Dolls & Accessories,938,2.5,1.03,0.16,2.7,6.39,5.4,12.79,5.2,0.289,0.79,73.5
B07VTWQZRX,"Melissa & Doug Mine to Love Carrier Play Set for Baby Dolls with Toy Bear, Bottle, Rattle, Activity Card",Toys & Games,Dolls & Accessories,10.37,4.6,7000,2100,35,1.47,12.5,10.9,4.2,True,True,Dolls & Accessories,1126,2.5,1.56,0.25,1.56,5.87,3.11,9.98,0.39,0.0376,1.67,64.9
B0CXDRQXKC,"Doll Suitcase Travel Sets, 18 inch Doll Clothes and Accessories - 28 Pcs Travel Pillow, Unicorn Bag, Sunglasses, Camera, Computer, Phone, Passport, Birthday Gifts for Age 3 4 5 6 7 Year Old Girls",Toys & Games,Dolls & Accessories,21.99,4.4,295,100,31,0.94,9.5,11.9,2.7,True,True,Dolls & Accessories,122,2.5,0.83,0.13,3.3,6.76,6.6,14.36,7.63,0.347,31.0,46.1
B0D93YXZFH,"Baby Doll Stroller Set Toys for Girls Toddlers 3-5 4-6 Gifts,Baby Doll Set with 12.5 inch Doll,1 Baby Dining Chair,20 PCS Baby Doll Accessories and 2 Sets Doll Clothes for Realistic Pretend Play",Toys & Games,Dolls & Accessories,35.98,4.2,567,170,35,1.27,14.6,7.2,6.0,True,True,Dolls & Accessories,455,2.5,1.72,0.27,5.4,9.89,10.79,21.68,14.3,0.3974,20.59,58.0
B0FHQ4867N,"BABESIDE Baby Doll Accessories – 9 Pcs Feeding Set with Magic Bottles, Pacifiers, Bibs, Diapers & Carry Bag, Pretend Play Kit for 12–15 Inch Dolls",Toys & Games,Dolls & Accessories,11.99,4.5,209,100,33,0.91,13.6,6.4,3.7,True,True,Dolls & Accessories,530,2.5,0.88,0.14,1.8,5.32,3.6,9.92,2.07,0.1726,33.0,37.5
B077NPCFSL,Lissi 5 Piece Doll Deluxe Nursery Play Set with Accessories,Toys & Games,Dolls & Accessories,40.99,4.4,3100,930,36,1.26,12.9,7.5,3.1,True,True,Dolls & Accessories,620,2.5,0.82,0.13,6.15,9.6,12.3,22.9,18.09,0.4413,3.87,78.3
B0CKVVGCGV,"BABESIDE 6 Pcs Baby Doll Diapers for 12-15 Inch Dolls, Reusable & Washable Doll Underwear Fits Baby Dolls, Pretend Play Accessories for Girls",Toys & Games,Dolls & Accessories,8.99,4.7,782,234,29,0.53,11.4,11.0,2.7,True,True,Dolls & Accessories,1115,2.5,0.93,0.15,1.35,4.93,2.7,8.63,0.36,0.04,12.39,51.0
B0FJDGBD2H,"YIYBM Baby Doll with Stroller Set with 12.5"" Baby Dolls, Handbag, 2 Sets Doll Clothes and 16 PCS Doll Accessories. Baby Stroller Toys for Toddler Girls Kids Ages 3-5 4-6 for Pretend Play.",Toys & Games,Dolls & Accessories,29.99,3.9,95,100,20,1.36,10.7,11.5,5.4,True,True,Dolls & Accessories,997,2.5,1.82,0.29,4.5,9.11,9.0,19.11,10.88,0.3628,20.0,40.2
B07PQBSH8S,"fash n kolor® My Sweet Baby Disappearing Doll Feeding Set, Baby Care 6 Piece Doll Feeding Set - for Toy Stroller | 2 Milk & Juice Bottles with 2 Toy Pacifier for Baby Dolls Set - Kids Gift Set",Toys & Games,Dolls & Accessories,29.99,4.7,22900,6870,50,1.19,12.5,10.7,3.6,True,True,Dolls & Accessories,599,2.5,1.32,0.21,4.5,8.53,9.0,18.53,11.46,0.3821,0.73,77.4
B0FG2X8Y4D,"YIYBM Baby Doll Stroller Play Set with 12.5"" Baby Doll,Dining Chair, 2 Sets Clothes and 20 PCS Doll Accessories. Stroller Toy for 3, 4, 5, 6 Year Old Toddler Girls for Realistic Pretend Play.",Toys & Games,Dolls & Accessories,35.98,4.2,173,100,27,1.36,10.3,6.1,2.4,True,True,Dolls & Accessories,435,2.5,0.52,0.07,5.4,8.49,10.79,20.28,15.7,0.4364,27.0,45.4
B09NLCRC9L,"Barbie Skipper Babysitters, Inc. Playset with Skipper Babysitter Doll (Brunette), Stroller, Baby Doll & 5 Accessories, Toy for 3 Year Olds & Up",Toys & Games,Dolls & Accessories,21.88,4.8,5600,1680,40,0.69,11.3,7.2,2.7,True,True,Dolls & Accessories,746,2.5,0.6,0.1,3.28,6.48,6.56,14.04,7.84,0.3583,2.38,76.7
B0FH25J9J7,"Dreamon 12'' Baby Doll Playset with Carrier Bassinet Bed, 11PCS Baby Doll Accessories Includes Pacifier, Blanket, Pillow, Diaper, Pretend Play Set Baby Doll Care Toys Gifts for Kids Girls",Toys & Games,Dolls & Accessories,32.99,4.5,137,100,33,1.31,10.8,10.4,6.0,True,True,Dolls & Accessories,1153,2.5,1.84,0.29,4.95,9.58,9.9,20.48,12.51,0.3792,33.0,42.6
B0CQNV5J9K,"BABESIDE Reborn Baby Dolls Sunny - 17 Inch Cute Realistic Baby Doll with Soft Cloth Body, Poseable Real Life Baby Dolls with Bottle and Accessories for 3+ Years Old Girl Gifts, Pretend Play",Toys & Games,Dolls & Accessories,39.97,4.6,1500,450,33,1.5,9.2,10.6,2.3,True,True,Dolls & Accessories,920,2.5,0.61,0.1,6.0,9.21,11.99,22.2,17.77,0.4446,7.33,76.1
B0CKVYCQ2T,"CARANOVO Baby Doll Accessories Set – 7 Pcs Feeding and Caring Set with Magic Disappearing Bottles, Pacifier, Diapers and Bibs Doll Pretend Play Gift for Kids",Toys & Games,Dolls & Accessories,9.99,4.7,916,274,33,0.86,9.2,10.8,3.2,True,True,Dolls & Accessories,862,2.5,0.87,0.14,1.5,5.01,3.0,9.01,0.98,0.0981,12.04,55.0
B0FJS6F7PF,"Baby Doll Stroller Set Toys for Girls Toddlers 3-5 4-6 5-7, Baby Doll Playset with 11"" Doll, Bathtub and 20PCS Baby Doll Accessories, Baby Stroller Toys for 2 3 4 5 Year Old Girls Birthday Gifts",Toys & Games,Dolls & Accessories,39.99,4.3,165,100,35,1.07,12.7,8.8,5.0,True,True,Dolls & Accessories,1075,2.5,1.53,0.24,6.0,10.27,12.0,23.27,16.72,0.4181,35.0,44.0
B07B6ZN7P8,"LeapFrog Learning Friends 100 Words Book, Green",Toys & Games,Educational Toys,19.9,4.8,146000,43800,41,0.7,12.4,9.5,2.7,True,True,Educational Toys,897,2.5,0.87,0.14,2.98,6.49,5.97,13.46,6.44,0.3236,0.09,75.7
B0CRYJB6GK,"Airbition Talking Flash Cards for Toddlers 1 2 3 4 Year Olds, Montessori Language Learning Toys with 224 Words, Pocket Speech Therapy Toys, and Speech Development Educational Playthings for Children",Toys & Games,Educational Toys,9.99,4.6,7900,2370,36,0.82,5.1,5.5,2.0,True,True,Educational Toys,1102,2.5,0.31,0.02,1.5,4.33,3.0,8.33,1.66,0.1662,1.52,69.5
B07PXR5J2D,LeapFrog Magic Adventures Globe (Frustration Free Packaging),Toys & Games,Educational Toys,74.99,4.7,7100,2130,32,1.63,12.2,9.4,4.9,True,True,Educational Toys,210,2.5,1.54,0.24,11.25,15.53,22.5,39.03,35.96,0.4795,1.5,80.7
B09MW38Z5F,LeapFrog Prep for Preschool Activity Book,Toys & Games,Educational Toys,24.99,4.7,2500,750,43,1.57,10.0,11.0,2.4,True,True,Educational Toys,403,2.5,0.72,0.11,3.75,7.08,7.5,15.58,9.41,0.3766,5.73,76.7
B06XNQDR8J,"LeapFrog 2-in-1 LeapTop Touch, Green",Toys & Games,Educational Toys,29.9,4.7,30400,9120,48,1.68,14.6,11.4,5.7,True,True,Educational Toys,591,2.5,2.59,0.41,4.48,9.98,8.97,19.95,9.95,0.3328,0.53,75.7
