asin,title,price,rating,review_count,category,subcategory
B00EUBD14C,"Playmags Magnetic Tiles for Kids 100-Piece Set, STEM Educational Building Blocks Toys for Kids, Includes Click-in ABC Learning Tiles, Gift for Boys & Girls, Add on Magnetic Figures, Car Set Available",28.23,4.8,16000,Toys & Games,Stem Toys
B095PG2GMK,Ggiibro Straw Constructor Toys 600Pcs STEM Building Toy Interlocking Plastic Engineering Thin Tube Blocks Educational Kit for 3 4 5 6 7years Kids Boys and Girls Gift Preschool Toy with Storage Box,24.46,4.5,1800,Toys & Games,Stem Toys
B0DRWYCJCV,"Coogam Snap Together Robot Builders for Toddlers, Wooden Take Apart Robot Build Block Playset, Fine Motor Skill STEM Educational Montessori Toy Gift for 3 4 5 Years Old Kids",26.34,4.4,77,Toys & Games,Stem Toys
B0FFSSWTB6,"1000X Handheld Digital Microscope for Kids: Pocket Microscope with 2.0"" IPS Screen - STEM Toys Birthday Gifts for Girls Boys Child - Portable Edu Science Kits Toddler Age 3-6 6-12",28.23,4.6,712,Toys & Games,Stem Toys
B0CZQWG7ZC,"Kids STEM Building Toys for 3 4 5 6 7 8+ Year Old Boy Girl Birthday Gift, 125 Pcs Preschool Classroom Educational Building Blocks Stem Kits Activities Ages 3-5 4-8 5-7 6-8 Engineering Creative Games",28.23,4.7,846,Toys & Games,Stem Toys
B07T1NZD27,"Sillbird 12-in-1 Solar Robot Building Kit STEM Gift for Boys Aged 8-13, DIY Science Educational Robotic Toys for Kids Teens Birthday, Powered by the Sun with 190 Pieces",14.09,4.3,15600,Toys & Games,Stem Toys
B01K1K0K6M,"Step2 Rain Showers Splash Pond Water Table, Kids Water and Sand Activity Sensory Playset, Summer Outdoor Toys, 13 Piece Water Toy Accessories, For Toddlers 1.5+ Years Old, Blue & Green",80.0,4.7,23400,Toys & Games,Stem Toys
B07XTKJXPT,"Smartivity DIY Robotic Mechanical Hand STEM Toy for Kids 8-14 Years Old | Parents Choice Award Winner I Birthday Gift for Kids | Engineering Kit for 8, 9, 10, 11, 12, 13, 14 Years Old Boys & Girls",31.05,4.6,3600,Toys & Games,Stem Toys
B0C21LRH2K,"Fat Brain Toys The Original Air Toobz, Air-Powered STEM Building Toys for Kids & Teens, Kids Building Toys, STEM Toys for 3+ Year Old",150.55,4.5,905,Toys & Games,Stem Toys
B000FGECAI,"Educational Insights Kanoodle - 3D Brain Teaser Puzzles for Kids, Spatial Puzzle Games for Adults, Teens and Kids, Problem Solving Toys and Logic Puzzles, Single Player Games",9.4,4.7,34700,Toys & Games,Stem Toys
B0GGQZ7V4V,Magnetic Pattern Blocks Wooden Geometric Shape Puzzle Toy for Kids Toddlers Age 3-8 Montessori STEM Learning Educational Game 75Pcs Tangram with Storage Box Travel Gift Classroom Whiteboard,22.3,0.0,0,Toys & Games,Stem Toys
B085C37BQZ,"Pathfinders STEM kit- Paper Airplane Launcher | Paper Airplane Kit | Science kit for Kids, Teens and Adults | Stem Toys | Engineering kit - Learning Resource",27.29,4.2,86,Toys & Games,Stem Toys
B0FJ8PRSLY,"Afomida 215 PCS Creative Building Blocks Playset Toy - Featuring Storage, Includes Dinosaur, Robot, Car, Spider, Dog Figure, Learning Toy for Kids, Birthdays Gift for Kids, Boys and Girls Ages 4-7, 8+",31.05,4.7,170,Toys & Games,Stem Toys
B08T91BVLM,COUOMOXA Magnetic Building Blocks for Toddlers: STEM Educational Toys for 3 4 5+ Years Old Kids - Magnetic Stick Montessori Game for Family for Boys Girls 3-5,18.82,4.4,1300,Toys & Games,Stem Toys
B0FCMQLCZD,"STEM Toys Pixel Art Kit for Kids - Arts and Crafts for Boys & Girls - Educational Science Kits & STEM Activities for Kids Ages 5-8-12 Gifts for 5, 6, 7, 8, 9, 10 Year Old - Brain Teasers Toy (Medium)",12.23,4.6,174,Toys & Games,Stem Toys
B08R3TW6PD,"Coodoo Upgraded Magnetic Blocks Tough Tiles STEM Toys for 3+ Year Old Boys and Girls Learning by Playing Games for Toddlers Kids, Compatible with Major Brands Building Blocks - Starter Set",14.11,4.6,10600,Toys & Games,Stem Toys
B0B8D4JZN4,10 in 1 STEM Toys for 4 5 6 7 8+ Year Old Boy Girl Birthday Gifts Building Toys Stem Kits Activities for Kids Ages 4-8 5-7 6-8 Educational Learning Boy Toys Age 3-5 4-6 8-10 Engineering Creative Games,25.4,4.7,1900,Toys & Games,Stem Toys
B07YSLDY5H,"Juboury 1054Pcs Building Toy Building Blocks Bars Different Shape Educational Construction Engineering Set 3D Puzzle, Interlocking Creative Connecting Kit, Great STEM Toy for Both Boys and Girls",19.75,4.5,890,Toys & Games,Stem Toys
B09K6NM2BF,"STEM Kits for Kids Ages 8-10-12-14, Stem Toys for Boys Age 8-12, Science Projects, Solar Car Building Kits, Activities Engineering Kit, Gifts for 8 9 10 11 12 Year Old Boys",12.23,4.6,484,Toys & Games,Stem Toys
B004QGUGY4,"POPULAR PLAYTHINGS Playstix Construction Toy Set with Building Sticks for STEM and Classroom Use, for Kids Ages 4 and Up - 150 Piece Kit",28.23,4.8,1200,Toys & Games,Stem Toys
B0D4QNR7QY,"Magnetic Blocks Cubes 128PCS - STEM Cube Building Blocks & Magnet Tiles, Fidget, Montessori for Kids Ages 3-5 & 5-7 & 8-12, Magnetic Kit Cubes, Construction Magnet Toys Blocks Birthday Gifts",45.16,4.6,171,Toys & Games,Stem Toys
B0CHXZN5TK,10 in 1 Electric STEM Toys for 5 6 7 8 9+ Year Old Boy Girl Birthday Gifts Educational Building Toys for Kids Ages 4-8 5-7 8-12 Stem Activities Construction Toy for Boys 6-8 8-10 Holiday Idea Gift,26.82,4.7,1900,Toys & Games,Stem Toys
B0G4CS3GV9,"EchoPlan 200PCS Magnetic Blocks, Magnetic Building Blocks, Magnet Blocks Cubes, STEM Educational Stacking Magnet Toy for Kids Ages 3 4 5 6 7 8 9 10 11, Birthday Gifts for Boys and Girls, 1"" Large Size",32.93,4.7,196,Toys & Games,Stem Toys
B0D31HC81B,"Poraxy STEM Kits for Kids 8-10, STEM Toys for Boys Ages 8-13, Remote Control Car, Wooden 3D Puzzles Science Kits 8-12 Projects Building Model, Birthday Gifts for 9 11 14 Year Old Teen Boys Girls",13.17,4.4,554,Toys & Games,Stem Toys
B0160JB7IS,"National Geographic Break Open 10 Premium Geodes – Includes Goggles & 2 Display Stands - Great STEM Science Kit, Geology Gift for Kids, Break Your Own Geodes with Crystals",29.17,4.5,32200,Toys & Games,Stem Toys
B0GJPTFTGH,"Bug Catcher for Kids - Outdoor Explorer Set Toys with Bug House and Binoculars, Educational Adventure Kid Toys for Kids Ages 3 4 5 6 7 8, Nature Gifts for Kids on Birthday Holiday",22.58,5.0,3,Toys & Games,Stem Toys
B0GQMBHGDD,"Upgrade Electric Train Set, 3D Cube Track-DIY Rail Cube Block Kit, 113PCS STEM Gravity-Defying Motorized Trains Race Tracks Toys Gift for Kids Boys Girls Age 3 4 5 6 7 8+",62.11,4.4,77,Toys & Games,Stem Toys
B0GMQ4H67J,"LIGHTDESIRE Montessori Toys for Toddlers 3 4 5 6 Years Old,Musical Toy Train Electric Rotating Gear Flower Building Toddler Learning Toys,STEM Toys DIY Assembly Birthday Gifts Toddler Boy Girl,Orange",25.33,4.5,21,Toys & Games,Stem Toys
B000068CKY,"Melissa & Doug Wooden Building Blocks, 100-Piece Set of Sorting & Stacking Toys in 4 Colors and 9 Shapes, Classic Toddler Toys for Girls & Boys Ages 2+ - FSC Certified",15.05,4.8,28200,Toys & Games,Building Blocks Toys
B097QD9666,LOLO TOYS Large Building Foam Blocks for Toddlers – Giant Jumbo Big Building Blocks (30 Pieces),37.64,4.8,785,Toys & Games,Building Blocks Toys
B079MDLGT8,"Dimple Building Blocks for Toddler (300 Pcs) Stacking Toys & Puzzle Games for Learning and STEM Fun Montessori Toys, Educational Baby Blocks Age 3+ Toddler Boy & Girl Birthday for Kids",28.13,4.4,3500,Toys & Games,Building Blocks Toys
B07QN3SFCT,"burgkidz STEM Learning Pipe Tube Construction Building Blocks, Sensory Toys with Wheels Baseplate for All Ages Kids Boys Girls, 188 Pcs",32.91,4.7,819,Toys & Games,Building Blocks Toys
B0CC5GTSQF,"Goody King Magnetic Blocks |100PCS Magnetic Building Cube Game, Constructions Toys for Boys & Girls Age 3-4, 5 6 7 8 9 10, STEM Montessori Stacking Toy, Sensory Tiles Building Birthday for Toddlers",24.12,4.7,2100,Toys & Games,Building Blocks Toys
B0CB594R7D,"Magnetic Blocks,32PCS Magnetic Building Blocks for Toddlers Age 3-5 Magnet Cubes Toys STEM Educational Sensory Montessori Toys 1-3 Christmas Birthday Gifts for Kids Ages 3 4 5 6 Year Old Boys Girls",15.05,4.4,777,Toys & Games,Building Blocks Toys
B09YR7B1KS,"Apluses 42PCS Magnetic Blocks, Gifts for 3 4 5 6 Year Old, Magnet Building Blocks for Toddlers, Girls & Boys, Sensory - Montessori - Autism - Magnetic Toys for Kids Ages 3-5 4-8",14.83,4.7,1900,Toys & Games,Building Blocks Toys
B0BZSCBJG3,"961 Pcs building toys for kids ages 4-8, Educational STEM Building Blocks for Brain Development & Hands-On Ability Improvement, Construction Toy for Preschool and Kindergarten Boys & Girls Aged 3+",18.77,4.5,161,Toys & Games,Building Blocks Toys
B0DLMMQ66P,"40Pcs Building Blocks Toys for Ages 3 4 5 6 Toddlers,Pyramid Stacking Toys,3D Montessori Preschool Learning Blocks for Kids,STEM Sensory Toy Gifts for 2-4 Years Old Boys Girls,Plastic Storage Box Set",22.58,4.5,120,Toys & Games,Building Blocks Toys
B0D8JGLTYT,"Magnetic Tiles - Road Set, Magnetic Building Blocks, Preschool Montessori Toys Gift for 3+ Year Old Boys and Girls, Sensory Christmas Toys for Kids Aged 3-5 and 4-8, Ideas for Toddler with Autism",24.45,4.6,1800,Toys & Games,Building Blocks Toys
B0BKL6SW3B,Mruikeny Magnetic Tiles Building Blocks for 3 4 5 6 7 8+ Years Old Boys Girls Colorful Magnet Stacking Toys Birthday Gift for Toddlers STEM Preschool Educational Construction Tiles Set,9.4,4.6,1000,Toys & Games,Building Blocks Toys
B09ZV1L1DT,"NEOACT 600 PCS Building Blocks Connect Toys,Interlocking Solid Plastic Educational Toys Sets for Preschool Kids Boys and Girls Aged 3+, Promote Fine Motor Skills and Sensory Development.",20.32,4.4,506,Toys & Games,Building Blocks Toys
B0BSNYXZHQ,"PLUS PLUS Rainbow Mix Tube - Mini Interlocking Building Blocks Set, Stem Toys for Kids - Sensory Bin Fillers/Math Manipulatives Classroom Must Haves Gifts for Boys & Girls",11.12,4.6,1000,Toys & Games,Building Blocks Toys
B09WD5QFHK,78 Pcs Top STEM Soft Building Block Sets for Kids Aged 18 months to 6 years.Mega Blocks for Baby.Large Construction Stacking Block Toys for Toddler to Improve Imagination、Creativity、Hands-on Ability,24.46,4.5,1800,Toys & Games,Building Blocks Toys
B0B18FKNQJ,FUBAODA Building Blocks for Toddlers & Kids 180 Pcs Toy Building Sets – STEM Building Toys –Interlocking Building Blocks for Toddlers and Kids,22.58,4.5,804,Toys & Games,Building Blocks Toys
B0BX6F4WKP,"Atoylink ABC Wooden Building Blocks for Toddlers 1-3, 30 Pcs Alphabet & Number Stacking Toys with Storage Pull Toy Car Learning & Education Montessori Toys for 1 2 3 Year Old Baby Boy Girl Gifts",23.52,4.5,594,Toys & Games,Building Blocks Toys
B07VL89P9S,"Migargle Wooden Building Blocks Set, 115 Pcs City Construction Stacker Stacking Preschool Learning Educational Toys, Toddler Toys for 3+ Year Old Boy and Girl Gifts",31.04,4.6,2600,Toys & Games,Building Blocks Toys
B0FKT8L3QV,"Creative Building Blocks - 116 Pieces Large-Size Blocks, Build Train Animal, Ideal STEM Toy for 3 Year Old Kids",12.7,4.0,63,Toys & Games,Building Blocks Toys
B08RZ476VR,"Cutedeer 258 Piece Classic Big Building Blocks Set for Kids Toddlers Compatible with All Major Brands, Large Building Bricks STEM Toys with Gift Box for All Ages Boys Girls",32.93,4.5,1000,Toys & Games,Building Blocks Toys
B0BJ2LS2CH,"Contixo 144 pcs Bristle Shape 3D STEM Building Toys, Construction Learning Stacking Educational Block, Creativity Beyond Imagination, Inspirational, Safe & Durable, Recreational Toy for Kids Ages 3-8",28.23,4.6,786,Toys & Games,Building Blocks Toys
B0D8PQLQQZ,"Huaker Stem Building Toys for 3 4 5 6 7 8 Year Old Boys Girls Kids,180 Pieces Building Blocks Educational Learning Toys with Large Storage Box,Ideal Christmas Birthday Gifts",28.15,4.8,2100,Toys & Games,Building Blocks Toys
B0B5HLZ8T4,"Monopoly Game, Family Board Games for 2 to 6 Players & Kids Ages 8 and Up, Includes 8 Tokens (Token Vote Edition)",18.78,4.8,5700,Toys & Games,Board Games Family
B087CBJ465,"Do You Really Know Your Family? A Fun Family Game Filled with Conversation Starters and Challenges - Great for Kids, Teens and Adults",18.66,4.6,16600,Toys & Games,Board Games Family
B077Z1R28P,"Taco Cat Goat Cheese Pizza Wildly Entertaining Card Game for Family and Group Game Night | Easy to Learn and Play with 10-15 Minute Rounds | Fun for Kids, Teens, Adults, and Families | 2-8 Players",9.37,4.8,53400,Toys & Games,Board Games Family
B06XY48MK1,"Hasbro Gaming The Game of Life Board Game, Family Games for Kids Ages 8+, Includes 31 Careers, Family Board Games for 2-4 Players, (Amazon Exclusive)",19.76,4.7,9500,Toys & Games,Board Games Family
B07JQ5W878,"Regal Games Card Games for Kids - Go Fish, Crazy 8's, Old Maid, Slap Jack, Garbage Monster, War - Simple & Fun Classic Family Table Games - Games May Vary (6 Set)",12.23,4.8,16000,Toys & Games,Board Games Family
B0FJMQB63N,"CGE Codenames Board Game (2nd Edition) The Top Secret Word Association Party Game for Friends & Family Game Nights, 4+ Players",23.51,4.8,29000,Toys & Games,Board Games Family
B0B2JZHQ2P,"Tic Tac Toe Board Game,Tic Tac Toe Family Game, Classic Board Game, Classical Family Board Game,Children's Tic Tac Toe Game, Plastic tic tac Toe Game, Board Size 15 X 15 cm",5.62,4.3,1600,Toys & Games,Board Games Family
B00000IZJB,"Pressman Rummikub - The Original Rummy Tile Game | Exciting Family Game of Strategy and Luck | Promotes STEM Skills | For Kids, Teens, Adults | 2-4 Players, Ages 8+",17.57,4.8,34700,Toys & Games,Board Games Family
B0DN37BBGD,Monopoly Board Game | Classic Game with Storage Tray and Larger Tokens | Ages 8+ | 2 to 6 Players | Family Games for Kids and Adults | Kids Gifts,18.8,4.8,1300,Toys & Games,Board Games Family
B08C1QBGQJ,"Regal Games - Reversible Wooden Board for Chess, Checkers & Tic-Tac-Toe - 24 Interlocking Wooden Checkers and 32 Standard Chess Pieces - for Age 8 to Adult for Family Fun",15.05,4.5,4100,Toys & Games,Board Games Family
B0CWVMNNFV,"Lucky Egg Official Grab The Mic – Family Karaoke Board Game w/Foam Mic, 8+ Ages, 2-10 Players - Games for Bad Singers w/ 230 Lyrics (115 Cards)",18.82,4.7,4200,Toys & Games,Board Games Family
B093HBBMPT,Herd Mentality: Udderly Funny Family Board Game | Easy & Fun for Big Groups of 4-20 Players | Includes 20 Extra Exclusive Questions,23.52,4.7,4800,Toys & Games,Board Games Family
B09S3ZJJRM,"The Chameleon: Award-Winning Bluffing Board Game for Family, Adults & Friends | Includes 80 Extra Secret Words | Who is The Imposter?",23.52,4.8,8600,Toys & Games,Board Games Family
B01819WCK2,Kangaroo - Multiplayers Strategy Checker Board Game for Kids & Adults - Portable Educational Travel Cardboard Checkers - Includes Large Board w/ 24 Checkers (12 Red and 12- Black) 15x15 Inches,9.37,4.5,2900,Toys & Games,Board Games Family
B07XGNSH8Y,Moose Master - Laugh Until You Cry Fun - Your Cheeks Will Hurt from Smiling and Laughing so Hard - for Fun People Looking for A Hilarious Night in a Box,20.7,4.6,5100,Toys & Games,Board Games Family
B07T446163,CMYK Wavelength: The Mind Reading Party Game,32.93,4.8,4800,Toys & Games,Board Games Family
B0D3BW4QQ6,"MerryXD 6 Pack Assembly Completed T13 3D Action Figure,Dummy Nova Titan Lucky 13 Action Figure 3D Printed Multi-Jointed Movable Toy",23.52,4.3,2500,Toys & Games,Action Figures Toys
B0BS4GVV4D,"Marvel Avengers Ultimate Protectors Pack, 6-Inch-Scale, 8 Action Figures with Accessories, Super Hero Toys, Toys for Boys and Girls Ages 4 and Up",42.35,4.7,1000,Toys & Games,Action Figures Toys
B0D4QRR7R1,"2026 New Assembly Completed-Titan 13 Action Figure,Dummy Robot 13 Action Figures Set,3D Printed Multi-Jointed Action Figures,Nova 13 Action Figure for Collectors Desktop Decorations (9pcs)",31.05,4.4,889,Toys & Games,Action Figures Toys
B0DH3FR1Y5,"4.7"" Turtles Action Figures 6PCS Figure Bundle Toys Collection Birthday for Kids",22.02,4.4,503,Toys & Games,Action Figures Toys
B0D4QSWFVN,"2026 New Assembly Completed-Titan 13 Action Figure,Dummy Robot 13 Action Figures Set,3D Printed Multi-Jointed Action Figures,Nova 13 Action Figure for Collectors Desktop Decorations (5pcs)",20.7,4.4,889,Toys & Games,Action Figures Toys
B08PHZJJ62,"Marvel Avengers Endgame Titan Hero Series 12"" Action Figures Captain America, Iron Spider, Black Panther, and Iron Man (4 Action Figures)",35.77,4.6,1100,Toys & Games,Action Figures Toys
B0FK2GHVB8,"[6-PACK] Glowing Titan 13 Action Figure Set Already Assembled, Dummy 13 3D Printed Action Figures With Weapons Accessories T Lucky Robo 13 Nova 13 Action Figures, Figura de acción 13 (6-Colors)",32.93,4.1,250,Toys & Games,Action Figures Toys
B0C6T3PFQP,"TwCare Set of 10 Dinosaur vs Kong Dinosaur Dragon Toys Movable Joint Action Figures, King of The Monsters Shin Ultima Gamera Mecha MechaGodzilla Ghidorah Skull Crawler Destoroyah Cake Toppers Pack",22.58,4.6,416,Toys & Games,Action Figures Toys
B00ECV5436,Hasbro Marvel Avengers Series Marvel Assemble Titan Hero Iron Man 12' Action Figure,8.64,4.6,6200,Toys & Games,Action Figures Toys
B08TQB3CDZ,"Marvel Titan Hero Series Action Figure Multipack, 6 Action Figures, 12-Inch Toys, Inspired By Marvel Comics, For Kids Ages 4 And Up (Amazon Exclusive)",50.58,4.7,2900,Toys & Games,Action Figures Toys
B0CVQL23V5,"14 pcs Big Set Superhero Action Figures – Collectible Models 6.5-inches Tall, Exclusive Set SuperHero Toys, Holiday Gift for Kids, Figure Cake Topper",37.64,3.8,114,Toys & Games,Action Figures Toys
B0FK1LWB99,"​Masters of the Universe Action Figure Toy 4 Pack, 5.5 Inch 2026 Movie Accurate with 1 Exclusive, 14 Posable Joints (Amazon Exclusive)",35.57,4.7,129,Toys & Games,Action Figures Toys
B07T9CCRK6,Marvel Titan Hero Series Spider-Man 12-Inch Action Figure with Fx Port,12.23,4.8,12900,Toys & Games,Action Figures Toys
B0CYXHHXVZ,"Gatling Gun Titan 13 Action Figure Set【Assembled】, Robot T Action Figure 3D Printed Dummy 13 Action Fidget Toys Figure Articulated, Lucky 13 for Collectors Desktop Decorations (Red-Black)",9.39,4.3,651,Toys & Games,Action Figures Toys
B0DCN49CGP,"5-Pack Titan 13 Action Figure Already Assembled, Multi-Colored Titan 13 Action Figure Set with Laser Saber 3D Printed Dummy 13 Lucky Robo Dummy Nova 13 Action Figures, Figura de acción 13",27.29,4.3,445,Toys & Games,Action Figures Toys
B0F5Q6YF52,"(Assembly Completed) 8 Packs Dummy13 Action Figure Set, 3D Printed ActionFigure Toy Gifts for Kids, Dummy 13,Robot 13 Action Figure Full Body Mechanical Doll Christmas Birthday Gift for Boys Girls",31.71,4.0,230,Toys & Games,Action Figures Toys
B0FR47VYKH,"Magneverse 20 Pcs Magnetic Action Figures Playset - Magnetic Building Blocks, Magnet Cubes and Rotatable Figures Character Toys for Kids, Birthday Gift for 6+ Year Old Boys Girls (Patent Pending)",26.34,4.5,289,Toys & Games,Action Figures Toys
B0FQCRB1XY,KLUKGE 6-Packs Turtles Action Figures 4.7 Inches Turtles Toys Multi-Jointed Movable Cartoon Turtle Toy Set Birthday Gifts for Friends and Fans,24.46,4.5,115,Toys & Games,Action Figures Toys
B0BSH8DVTB,"Army Men Action Figures,Soldiers Toys for Boys Age 4-7,Military Playset Action Figures Soldier Toy Set with Weapons Birthdaty Halloween Xmas Gift for Boys",9.4,4.3,920,Toys & Games,Action Figures Toys
B0D6VH66XT,"Uodofy (Assembly Completed) T13 3D Action Figure Set,Dummy Robo Titan 13 Action Figures,3D Printed Multi-Jointed Toy (Black + Orange)",13.17,4.3,848,Toys & Games,Action Figures Toys
B0CBKQK284,"Marvel Studios Captain America Brave New World, Titan Hero Series, 12-Inch Captain America Action Figure, Super Hero Toys for Kids 4 and Up",7.49,4.7,632,Toys & Games,Action Figures Toys
B0GMFR5C8F,"BABESIDE 12 Inch Baby Doll with Diaper Bag and Accessories, Blue-Eyed Vinyl Doll Set with Bottles, Pacifier, Changing Mat, Diaper, Birth Card and Gift Box for Girls Ages 3+",26.34,5.0,4,Toys & Games,Dolls And Accessories
B0FG2X8Y4D,"YIYBM Baby Doll Stroller Play Set with 12.5"" Baby Doll,Dining Chair, 2 Sets Clothes and 20 PCS Doll Accessories. Stroller Toy for 3, 4, 5, 6 Year Old Toddler Girls for Realistic Pretend Play.",33.87,4.2,173,Toys & Games,Dolls And Accessories
B0DJSC6M7N,"Kizfarm Wooden Dollhouse Furniture Set with 4 Family Dolls, 26 Pcs Pretend Play Dollhouse Accessories for 4 Rooms, Pink Furniture Toys Birthday Gifts for Girls Boys Age 3+",21.17,4.7,158,Toys & Games,Dolls And Accessories
B0FDQ332YS,"Baby Doll Crib and Stroller Accessories Play Set with 11"" Baby Doll,Dining Chair,24 PCS Dolls Accessories and 2 Sets Clothes,Realistic Pretend Play for Girls Kids 3-5 4-6 5-7 Year Gifts",36.7,4.0,233,Toys & Games,Dolls And Accessories
B0DXF37491,"13 Pcs Baby Doll Accessories Magic Bottle Set,Pretend Play Feeding Toy Set with Package,Doll Feeding Set for Kids Girls,Magic Disappearing Juice Milk Bottles,Sippy Cups,Pacifiers,Bowl Spoons",6.58,4.7,321,Toys & Games,Dolls And Accessories
B0F876Q7RB,American 18 Inch Doll Makeup Accessories and Clothes Set Includes 18 Inch Doll Clothes and Shoes Bag Makeup Brush Set Foldable Haircomb Eyeshadow Lipstick Bow Hair Clip Sunglasses Hair Rope（No Dolls）,24.46,4.5,296,Toys & Games,Dolls And Accessories
B0FN3T5B67,"Pynqdfu 15Pcs Baby Doll Accessories Magic Bottle Set,Pretend Play Feeding Toy with Juice Milk Bottles,Sippy Cups,Pacifiers,Bowl Spoons,Bib,Diaper,Dolls Feeding Kit for Kids Girls,Party,Gift",7.52,4.6,119,Toys & Games,Dolls And Accessories
B0FG2VFP22,"Baby Doll Stroller Playset for Girls Toddlers 3-5 4-6 5-7 Year Old to Play House Games. Stroller Toy with 12.5"" Baby Doll, Dining Chair, Quilt Pillow, 24 PCS Doll Accessories and 2 Sets Clothes.",35.75,4.3,200,Toys & Games,Dolls And Accessories
B0D7KYTJ7N,"UZIDBTO 12"" Baby Doll with Flower Pattern Backpack Carrier,12 Inch Realistic Baby Dolls with Clothes and Accessories Hanky Pacifier Bottle Diaper Toy Pretend Play Collection for 3+ Child Girls Gifts",27.29,4.6,596,Toys & Games,Dolls And Accessories
B0CY4X37RD,"BABESIDE Baby Dolls, 17inch Large Realistic Cute Soft Body Baby Doll Real Life Baby Dolls with Accessories for 3+ Year Old Girls Gifts, Pretend Play, Collection",22.57,4.6,4700,Toys & Games,Dolls And Accessories
B0D93YXZFH,"Baby Doll Stroller Set Toys for Girls Toddlers 3-5 4-6 Gifts,Baby Doll Set with 12.5 inch Doll,1 Baby Dining Chair,20 PCS Baby Doll Accessories and 2 Sets Doll Clothes for Realistic Pretend Play",33.87,4.2,567,Toys & Games,Dolls And Accessories
B08SKYD8LL,"14 Pack Baby Doll Accessories, Baby Doll Feeding and Caring Set Includes Diaper Bag, Doll Diapers, Magic Bottle, Changing Mat for Girl Toddler Kid, Babies Pretend Play Set for Birthday Gift Christmas",15.04,4.4,4300,Toys & Games,Dolls And Accessories
B0BBLS998T,"Skylety 20 Pcs Wooden Dollhouse Family Set of 16 Mini People Figures and 4 Pets, Wooden Dollhouse Dolls Cosplay Family Figures Accessories for Pretend Toy(Cute Style)",24.46,4.5,206,Toys & Games,Dolls And Accessories
B0GLXL7SQ5,"Aori 17 Inch Lifelike Baby Dolls Realistic Baby Girl Doll with Soft Lightweight Body, Colorful Pony Outfit & Feeding Accessories, for Girls Age 3+",21.64,4.7,68,Toys & Games,Dolls And Accessories
B0F5TWR4ZR,"Aori 17 Inch Baby Dolls Realistic Doll with Ultra Real Life Soft Body & Pink Outfits for Girls 3+ | Pretend Play, Dress Up, Nursery Decor",23.52,4.6,3100,Toys & Games,Dolls And Accessories
B0FJS6F7PF,"Baby Doll Stroller Set Toys for Girls Toddlers 3-5 4-6 5-7, Baby Doll Playset with 11"" Doll, Bathtub and 20PCS Baby Doll Accessories, Baby Stroller Toys for 2 3 4 5 Year Old Girls Birthday Gifts",37.64,4.3,165,Toys & Games,Dolls And Accessories
B0FJDGBD2H,"YIYBM Baby Doll with Stroller Set with 12.5"" Baby Dolls, Handbag, 2 Sets Doll Clothes and 16 PCS Doll Accessories. Baby Stroller Toys for Toddler Girls Kids Ages 3-5 4-6 for Pretend Play.",28.23,3.9,95,Toys & Games,Dolls And Accessories
B0FQ1RNFVB,"ARTST Reborn Baby Doll Accessories with Bassinet, Rainbow Unicorn Doll Clothes Outfit Set for 17-22 inch Newborn Babies,Birthday Gift for 3-12 Girls Boys(NO Doll)",18.82,4.8,284,Toys & Games,Dolls And Accessories
B0CXDRQXKC,"Doll Suitcase Travel Sets, 18 inch Doll Clothes and Accessories - 28 Pcs Travel Pillow, Unicorn Bag, Sunglasses, Camera, Computer, Phone, Passport, Birthday Gifts for Age 3 4 5 6 7 Year Old Girls",20.7,4.4,295,Toys & Games,Dolls And Accessories
B0FB9NCR63,"Baby Doll Stroller Bed and Swing Nursery Playset, Baby Doll Accessories Furniture Set Convertible High Chair Diaper Bag Role Play Deluxe Purple Doll Set",54.58,4.3,345,Toys & Games,Dolls And Accessories
B0FHQ4867N,"BABESIDE Baby Doll Accessories – 9 Pcs Feeding Set with Magic Bottles, Pacifiers, Bibs, Diapers & Carry Bag, Pretend Play Kit for 12–15 Inch Dolls",11.28,4.5,209,Toys & Games,Dolls And Accessories
B0CQNV5J9K,"BABESIDE Reborn Baby Dolls Sunny - 17 Inch Cute Realistic Baby Doll with Soft Cloth Body, Poseable Real Life Baby Dolls with Bottle and Accessories for 3+ Years Old Girl Gifts, Pretend Play",37.62,4.6,1500,Toys & Games,Dolls And Accessories
B0CG1RVQVZ,"PROOU Baby Care Doll Toys Set, 36PCS Dolls Playset, Hair Salon Pretend Play Toddler Doll Toys Incl 14'' Baby Dolls Toy, Backpack, Hair Dryer, Curler, Xmas Gifts for Age 3 4 5 6+ Years Old Girls Kids",26.34,4.2,1600,Toys & Games,Dolls And Accessories
B0CKVVGCGV,"BABESIDE 6 Pcs Baby Doll Diapers for 12-15 Inch Dolls, Reusable & Washable Doll Underwear Fits Baby Dolls, Pretend Play Accessories for Girls",8.46,4.7,782,Toys & Games,Dolls And Accessories
B0BZGX9CR8,"135 Pcs Doll Clothes and Accessories with Doll, Princess Gowns, Fashion Dresses, Slip Dresses, Top, Pants, Jumpsuit, Swimsuits, Shoes, Hangers, Doll Dress up Toys for Girls Kids Toddlers Toy Gifts",18.82,4.4,2800,Toys & Games,Dolls And Accessories
B0CB6JWL75,"Barbie Gymnastics Doll & Accessories, Playset with Blonde Fashion Doll, C-Clip for Flipping Action, Balance Beam, Warm-Up Suit & More",28.23,4.8,3300,Toys & Games,Dolls And Accessories
B0CKVYCQ2T,"CARANOVO Baby Doll Accessories Set – 7 Pcs Feeding and Caring Set with Magic Disappearing Bottles, Pacifier, Diapers and Bibs Doll Pretend Play Gift for Kids",9.4,4.7,916,Toys & Games,Dolls And Accessories
B0FJDSGC41,"Baby Doll with Stroller Set for Realistic Pretend Play for 3 4 5 6 7 Year Old Toddler Girls Gifts. Baby Stroller Toys includes 12.5-inch Baby Dolls, 2 sets Doll Clothes and 17 PCS Doll Accessories",28.23,4.2,107,Toys & Games,Dolls And Accessories
B0859JZTQS,"deAO 12” Baby Doll Play Set with Crib, Mobile, High Chair Feeding Accessories, Interactive Dolls for Girls Kids Pretend Play Baby Dolls 21 PCS",32.93,4.4,2300,Toys & Games,Dolls And Accessories
B0FVRF5ZJ1,"36 Pcs Doll Clothes Hangers for 18-Inch Dolls - Non-Slip, Space-Saving Wardrobe Accessories for Doll Gowns & Outfits (White)",12.23,4.9,26,Toys & Games,Dolls And Accessories
B0F8NWHHKT,"4 Pcs Doll Hair Brush, Mini Wig Brushes for Synthetic Hair Plastic Pink Wigs Comb Hairs Brush Portable Extension Brushes for Dolls and Other Hairs Care(2 Style)",6.58,4.5,23,Toys & Games,Dolls And Accessories
B0GRJG85R6,"Water Table Pump, Magnetic No-Drill Rechargeable Battery Powered Continuous Flow Water Pump, Fits Water Tables & Step 2, Cordless Pump Toys, Outdoor Water Play Accessories for Kids & Toddlers, Blue",18.82,3.8,14,Toys & Games,Outdoor Play Toys
B0FCFL3TD5,"Spider Bean Bag Toss Game, 3-in-1 Cornhole Board Outdoor Toys for Kids, Family Party Activity Toddler Yard Backyard Beach Lawn Party Camping Game Toys for 3 4 5 6 7 8 Year Old Boys Girls Birthday Gift",22.58,4.6,271,Toys & Games,Outdoor Play Toys
B0CHHZRX7J,SUPER JOY Toddler Basketball Hoop - Height Adjustable Kids Basketball Hoops for Indoor & Outdoor Play - Portable Mini Basketball Goal for Poolside- Game Sport Toys for Boys & Girls Age 1 2 3 4 5,37.64,4.5,1400,Toys & Games,Outdoor Play Toys
B0F1NGC7GJ,"Non-Slip Splash Pad for Kids and Dog, 80"" Extra Large Baby Play Mat, Dog Pool Toys, Thicken Sprinkler Pool Summer Outdoor Water Toys for Ages 3-12 Boys Girls, Parent-Kids &Games Fun Backyard (Blue)",31.05,4.2,611,Toys & Games,Outdoor Play Toys
B08GJ6T6XL,"unanscre 31PCS 3 in 1 Carnival Outdoor Games Combo Set for Kids, Soft Plastic Cones Bean Bags Ring Toss Game, Gift for Birthday Party/Xmas",18.82,4.6,3500,Toys & Games,Outdoor Play Toys
B07MNMT3M7,"SplashEZ 3-in-1 Splash Pad, Sprinkler for Kids & Baby Pool for Learning – Toddler Sprinkler Pool, 60’’ Outside Water Toys – “from A to Z” Outdoor Play Mat for Babies & Toddlers",18.82,4.4,28500,Toys & Games,Outdoor Play Toys
B0BRZXJFHM,"12Pcs Reusable Water Balloons, Pool Beach water Toys for Boys and Girls, Outdoor Summer Toys for Kids Ages 3-12",25.01,4.7,3000,Toys & Games,Outdoor Play Toys
B08J8G3K3N,"Step2 Up & Down Roller Coaster Kids Ride On Toy, Push Car, Indoor/Outdoor Playset, Made of Durable Plastic, Max Weight 50 lbs., For Toddlers 2-5 Years Old, Multicolor",131.76,4.7,7700,Toys & Games,Outdoor Play Toys
B0C4KTZMVM,"NewFamily Dustless Chalk for Kids, Colored Sidewalk Chalk With Holder,Non-Toxic Washable Toddlers Chalks Drawing Writing for Outdoor Art Play,Blackboard(12 Pcs)",11.28,3.8,1800,Toys & Games,Outdoor Play Toys
B005DUW6EK,"Intex Inflatable Dinosaur Play Center Outdoor Playhouse Inflatable Water Park with Kid Pool Slide, Water Sprayer, Waterfall, and 6 Balls, Multicolor",56.46,4.3,18300,Toys & Games,Outdoor Play Toys
B07MK5H9N2,"Step2 Rain Showers and Unicorns Water Table, Kids Water and Sand Activity Sensory Playset, Summer Outdoor Toys, 13 Piece Water Toy Accessories, for Toddlers 1.5+ Years Old, Blue & Purple",79.05,4.7,9900,Toys & Games,Outdoor Play Toys
B0GSFSG5K5,"50 Pack Sand Shovels for Kids 8 Inch Beach Toys Bulk, Heavy Duty Plastic Beach Sand Toys for Toddlers Kids Outdoor Digging Sandbox Play Planting or Snow",44.23,5.0,3,Toys & Games,Outdoor Play Toys
B0B3RHCKYZ,"Leyndo 24 Pieces Kids Binoculars with Neck String Assorted Colors Novelty Toy Binoculars for Kids Camping Party Supplies Nature Exploration Toys for Outdoors Indoors Sightseeing, Camping, Birdwatching",32.93,4.2,62,Toys & Games,Outdoor Play Toys
B0B8NCFWR4,TOY Life Tball Set for Kids 3-5 & 5-8 - Toddler Baseball Tee and Bat Set with Glove & 6 Balls - Ideal Boy Toy Gift for Outdoor Play and Beginner Training,34.79,4.4,533,Toys & Games,Outdoor Play Toys
B0D93TMQ7G,"Duckura Kids Gardening Tools Set - 7pcs Wheelbarrow Set for Kids with Shovel, Rake, Leaf Rake, Summer Outdoor Yard Digging Weed Birthday Gifts Toys, Easter for Boys Girls Age 2 3+ Years(Green)",40.45,4.4,1600,Toys & Games,Outdoor Play Toys
B091GH44TL,"JOYIN Big Bubble Wands Set Bulk for Kids Summer Outdoor Toy Game Activity Party Favors, 18 Pcs Giant Bubble Maker with Tray, 12"" Large, 6 Pcs Solution Suitable for All Age People",22.58,4.6,3500,Toys & Games,Outdoor Play Toys
B08HC44TBP,JOYIN Arcade Basketball Game Set with 4 Balls and Hoop for Kids 3+ Years Old Indoor Outdoor Sport Play - Easy Set Up - Air Pump Included - Ideal for Competition,37.64,4.4,3700,Toys & Games,Outdoor Play Toys
B0895J4Z39,"JOYIN 22.5ft Water Slides and 2 Bodyboards, Lawn Water Slide Summer Slip Waterslides Water Toy with Build in Sprinkler for Backyard Outdoor Water Fun for Kids",34.82,4.1,5700,Toys & Games,Outdoor Play Toys
B0D4PHF3YQ,"JOYIN 5 Pcs Turtle Balance Stepping Stones, Kids Turtle Path Jumping Stones, Toddler Obstacle Course Coordination Game Toys Indoor or Outdoor Play for Kids Aged 3+",33.88,4.8,505,Toys & Games,Outdoor Play Toys
B0D69GHYWJ,"Stepping Stones for kids,8/12 PCS Durable Non-Slip Balance Stones Indoor Outdoor toys for toddlers develope Kids Balance and Coordination Skills",22.58,4.8,478,Toys & Games,Outdoor Play Toys
B0D5BC9XZ4,"QPAU Inflatable Bouncy Dinosaur Toys 2 PCS with Hand Pump, Heavy Duty Giant Bouncy Pal, 220lbs Load Capacity, Ride On Bouncy Animal Hopper Toy, Indoor Outdoor Bouncers for Kids Girls Boys Ages 5+",47.05,4.4,1200,Toys & Games,Outdoor Play Toys
B0BPYKR658,"SplashEZ Non Slip Splash Pad for Kids & Dogs, 69’’ Extra Large Splash Pad Sprinkler for Kids, Dog Water Summer Toys - Great Outdoor Toys for Toddlers 1-3 & Children Ages 4-8, Baby Pool for Backyard",22.3,4.4,28500,Toys & Games,Outdoor Play Toys
B0FX29FQJB,"Funscape Kids Pool Diving Toys, Water Swimming Dive Pool Game, Toddler Bath Toy Play Set W/ Fish Box Floating Animals, Fun Outdoor Beach Lake Swim Summer Party Gift 3 4 5 6 7 8 10 12 Year Old Boy Girl",22.58,4.8,77,Toys & Games,Outdoor Play Toys
B0DPHHL4PR,"Intoypad 4-in-1 Kids Water Sprinklers T Ball Set & Water Ball Toy, Crocodile Baseball Sprinkler for Backyard Outdoor Summer Toys for Boys Girls Outside Yard Water Game Toys for Kids Toddlers Ages 3-8",28.23,4.0,171,Toys & Games,Outdoor Play Toys
B07B6NP36Q,"CozyBomB™ Magnetic Fishing Toys Game Set for Kids | Water Table Bathtub Kiddie Pool Party Pole Rod Net, Outdoor Plastic Floating Fish, Toddler Bath Color Ocean Sea Animals Birthday Gift Age 3-5 6 4-8",14.38,4.2,29500,Toys & Games,Outdoor Play Toys
B087D97N58,"ArtCreativity Bubble Lawn Mower for Toddlers 1-3, Bubble Machine for 1-Year-Old Girl Gifts, Toddler Outdoor Toys for 2-Year-Old Girl Birthday Gift, Push Summer Gardening Toys for Toddlers Age 1 2 3 +",22.34,4.3,11700,Toys & Games,Outdoor Play Toys
B00R9TZUFU,"36 Pcs Wooden Stacking Blocks – Montessori Toys for 1 2 3 4 5 6 Year Old Toddlers and Kids, XL Rocks, No Choking Hazard – Sensory STEM Building Stones, for Girls and Boys",33.88,4.7,543,Toys & Games,Outdoor Play Toys
B0FGQ3HVZ4,"Granny Pants Yard Game,Granny Pants Outdoor Game - Oversized Giant Pants with Bouncy Balls & Pump,Backyard Parties,Field Day Fun for Adults",40.46,4.3,49,Toys & Games,Outdoor Play Toys
B07R53W4P6,"Binoculars for Kids, Girls or Boys Real Kids Binoculars in Vibrant Green Blue - Includes Sticker Book with 40 Bird Species - Small Toys for Toddlers",23.52,4.6,1100,Toys & Games,Outdoor Play Toys
B0CRYJB6GK,"Airbition Talking Flash Cards for Toddlers 1 2 3 4 Year Olds, Montessori Language Learning Toys with 224 Words, Pocket Speech Therapy Toys, and Speech Development Educational Playthings for Children",9.4,4.6,7900,Toys & Games,Educational Learning Toys
B0D5MSGVQY,"MOTREE Preschool Learning Toys for Toddlers 2-4, Educational Math Manipulatives Number Counting Blocks for Kids, Montessori Toys for 3-5 Year Old Boys Girls Birthday Gifts",15.05,4.7,1000,Toys & Games,Educational Learning Toys
B0FGPYPRWT,"Alphabet Wooden Puzzles for Toddlers 3-5, Pack of 3 ABC, Number and Shape Puzzle, Preschool Educational Learning Toys with Puzzle Board & Letter Blocks for Girls Boys Ages 3 4 5 Years Old",9.4,4.1,651,Toys & Games,Educational Learning Toys
B09HQFT8LL,"Learning Educational Toys for 2 3 4 5 6 Years Old Boys Girls, See & Spell Matching Letter Game with Alphabet Cards for Kids, Preschool CVC Word Builders Toy, Christmas Birthday Gifts for Age 2-4 4-6",15.99,4.6,1400,Toys & Games,Educational Learning Toys
B08JLSR6RN,"Magnetic Wooden Fishing Game Toy for Toddlers, Alphabet Fish Catching Counting Games Puzzle with Numbers and Letters, Preschool Learning ABC Math Educational Toys 3 4 5 Years Old Girl Boy Kids",9.4,4.6,5200,Toys & Games,Educational Learning Toys
B0F8VPJH12,"Montessori Educational Learning Toys for 3 4 5 Year Old Boys Girls Birthday Gifts, Toddler Preschool Learning Activities, Number Counting Blocks Toys for Kids, Math Manipulatives Counting Toy for 3-5",13.17,4.7,355,Toys & Games,Educational Learning Toys
B0DWDZHX28,"JoyCat Kids Learning Tablet, Phonics Talking Flash Cards, Learn to Read with 156 Pages, 40+ Themes, 600+ Words, 100+ Interactive Games, Screen-Free Toddler Learning Toys Gifts for 2-6 Year Old",20.57,4.5,453,Toys & Games,Educational Learning Toys
B0CYT85XT6,"Play-Act Learning Toy for Toddlers 1 2 3 Years Old, Counting, Matching & Sorting Montessori Learning Farm Train Including 9 Farm Animals, Birthday Gift for Baby Boys Girls",20.7,4.7,2300,Toys & Games,Educational Learning Toys
B0CXDK7NSV,"Electronic Alphabet Wall Chart, Talking ABC, 123s, Music Poster, Kids Learning Toys for Toddlers 1-3, Interactive Educational Toddler Toy, Birthday Gifts for Age 1 2 3 4 5 Year Old Boys Girls - Blue",20.7,4.4,2700,Toys & Games,Educational Learning Toys
B092QPC32H,"BEESTECH Alphabet ABC Learning Educational Toys for 3 4 5 Years Old Boys Girls, Wooden Puzzle Flash Cards Preschool Activity Letter Matching Games for Kids Toddlers",9.4,4.7,2000,Toys & Games,Educational Learning Toys
B0BGN1YDJH,"Kikidex Magnetic Drawing Board, Toddler Girl Toys for 1-3 Year Old, Doodle Board Pad Learning and Educational Toys for 1 2 3 Year Old Baby Kids Birthday Gift (Light Blue)",26.34,4.5,10700,Toys & Games,Educational Learning Toys
B0CG8YD7L8,"Tonberless Montessori Toys for 1 2 3 Year Old Boy Girl, Toys for Ages 2-4 Toddlers Kids Baby, 1 2 Year Old Boy Girl Birthday Gifts, Wooden Learning Puzzles Shape Sorter Toys for Toddlers 1-3",9.4,4.6,2700,Toys & Games,Educational Learning Toys
B0DG4L9J9D,"Peacurh Trilingual Learning Toy Tablet with Music & Sound, Montessori Speech Musical Therapy Toys, Gifts for Boy, Girl, Baby, Toddler, for Age 1, 2, 3 Year Old (12-18 Months)",20.7,4.4,1300,Toys & Games,Educational Learning Toys
B08GX7BYSP,"Learning Games for Kids Ages 3-8, Matching Letter Game for Kids Toys Ages 3-8 Educational Toys for 3-8 Year Olds Boys Girls Birthday Party Easter Gifts for 3-8 Year Olds Boys Girls Blue",15.99,4.6,2700,Toys & Games,Educational Learning Toys
B0D46FMQTJ,"4 Pack LCD Writing Tablet for Kids, 8.5 Inch Colorful Doodle Board Drawing Tablet, Educational Learning Toys Birthday Gifts for Boys Girls Age 3 4 5 6 7 8",8.46,4.6,4700,Toys & Games,Educational Learning Toys
B098NCLFGD,"Toddlers Montessori Wooden Educational Toys for Baby Boys Girls Age 1 2 3 Year Old, Shape Sorting Toys 1st One First Birthday Girl Gifts for Kids 1-3, Wood Preschool Learning Fine Motor Skills Game",18.82,4.6,7000,Toys & Games,Educational Learning Toys
B0DBZTSZM7,"Zeoddler Alphabet Puzzles, Wooden Puzzles for Toddlers, ABC Shape Puzzles for Kids, Preschool Learning Activities, Gift for Girls Boys",6.48,4.7,1900,Toys & Games,Educational Learning Toys
B0FLDZ7YY3,"2-in-1 Math Manipulatives Number Counting Blocks Toys & Teaching Clock, Preschool Learning Activities for Toddlers 2-4, Educational Montessori Toys for 3 4 5 Year Old Boys Girls Birthday Gift",13.16,4.7,126,Toys & Games,Educational Learning Toys
B0DF2WTD7J,Educational Alphabet Wall Chart: Learning Poster with Music ABCs 123s Talking Games - Interactive Activity Toy Birthday Gift for Toddlers Preschool Kids Ages 3 4 5 Years Old Classroom Room Decor(Blue),15.99,4.2,347,Toys & Games,Educational Learning Toys
B0D2C9VCD6,"Oomloid Counting Animals Montessori Toys for 3 4 5 Years Old Boys Girls, Preschool Learning Activities Educational Sensory Toys Gifts for Kids Toddlers Ages 3-5, 4-8",8.46,4.8,756,Toys & Games,Educational Learning Toys
B0CD657V3T,"Metal Wire Puzzle Set of 24 with Pouch,Brain Teaser IQ Test Disentanglemen Iron Link Unlock Interlock Game Chinese Ring Magic Trick Toy for Party Favor Kids Adults Challenge",9.4,4.4,1200,Toys & Games,Puzzle Toys Kids
B079D7XHSY,"Moose Games Flipslide, Fast-Paced Handheld Puzzle Toy, Gifts for Boys and Girls Ages 8-13, Travel Games, Toys for Teens",14.1,4.6,12300,Toys & Games,Puzzle Toys Kids
B0DHJR2JWF,Fidget Puzzle Cube for Kids and Adults - 6-Sided Wooden Puzzle Game Fidget Toy for Anxiety Relief - Handheld Maze Cube for Travel - 3D Brain Teaser Magic Cube Fidget for Christmas Stocking Stuffers,9.4,4.2,366,Toys & Games,Puzzle Toys Kids
B0DSJF4PWB,"lartoys Rope Untangling Puzzle Game, Educational Strategy Board Game for Kids & Adults, Family Travel Party Games with Multi-Level Challenges, Gifts for All Ages",9.4,4.4,1100,Toys & Games,Puzzle Toys Kids
B0CKW2CZ49,"Wooden Puzzles Dinosaur Toys for Kids Ages 3-5, Set of 4 Packs with 20-Piece Wood Jigsaw Puzzles, Preschool Educational Brain Teaser Boards for Boys and Girls 3 4 5 6 Years Old",9.4,4.6,2300,Toys & Games,Puzzle Toys Kids
B0BHTPV2TM,RLYLF 30pcs Brain Teaser Puzzles Game for Adults and Kids Ancient Wooden and Metal Puzzles 3D Educational Toys IQ Logic Train Family Games Party Favor Coffee Time Unlock Interlock Puzzles Box,24.34,4.6,717,Toys & Games,Puzzle Toys Kids
B0BVH6894R,"GRINNNIE Wooden Peg Puzzle for Toddlers, 6 Pack Toddler Puzzles Set for 3 4 5 Years Old (Alphabet Number Shape Animal Dinosaur Vehicle), Preschool Education Learning Puzzle Toys for Girls and Boys",24.46,4.7,1300,Toys & Games,Puzzle Toys Kids
B0FJM1Q2ML,"Puzzle Sport Ball Toys - 3D Brain Teasers and Puzzle Games for Kids and Adults, Spatial Puzzle Games for Ages 3+, Intelligence 2.5"" Small Magic Bead, Hand Sport, Adult Relieve Stress, Gifts for Boys",7.52,4.3,115,Toys & Games,Puzzle Toys Kids
B07YBV9JF2,YongnKids Amaze 3D Memory Sequential Maze Ball Puzzle Toy Gifts for Kids Adults - Challenges Game Lover Tiny Balls Brain Teasers Game (Blue),9.4,4.0,3400,Toys & Games,Puzzle Toys Kids
B07VSP4QNH,"LESONG Brain Teasers Metal and Wooden Puzzles for Kids and Adults 9 Pack, Mind, IQ, and Logic Test and Handheld Disentanglement Games, 3D Coil Cast Wire Chain and Durable Wood Educational Toys",23.52,4.6,2900,Toys & Games,Puzzle Toys Kids
B07GF9421C,Coogam Wooden Blocks Puzzle Brain Teasers Toy Tangram Jigsaw Intelligence Colorful 3D Russian Blocks Game STEM Montessori Educational Gift for Kids (40 Pcs),8.46,4.7,17600,Toys & Games,Puzzle Toys Kids
B07QZB8PLW,"LiKee Open Ended Wooden Shape Puzzles (36 Blocks&60 Cards) for Toddlers 3+ Years Old, Montessori Development Toys Preschool Education Activity Travel Toy Board Games for Kids 4-8 Yrs",13.17,4.7,8200,Toys & Games,Puzzle Toys Kids
B09SH56XRD,"Yetonamr Wooden Toddler Puzzles Gifts Toys for 1 2 3 Years Old Boys Girls, 6 Vehicle Shape Montessori Toys Educational Blocks Kids Toys Gift Baby Learning Toy Age 1-3, 2-4",15.05,4.6,2200,Toys & Games,Puzzle Toys Kids
B0B77BRRN2,"QUOKKA Puzzles for Kids Ages 4-6 - 4 x 60 Puzzles for Toddlers 5-8 - Educational Search and Find Toy for 8-10 yo for Learning Forest Polar, USA National Park Animals and City Life",18.82,4.4,921,Toys & Games,Puzzle Toys Kids
B0D7HMYHQB,Kids Montessori Magnetic Wooden Toys: 3 4 5 6 7 Year Old Birthday Gift for Boys Girls Age 4-7 Preschool Educational Learning Activities Toy Sensory Autistic Puzzle Maze Game Present for Toddlers,15.99,4.6,1500,Toys & Games,Puzzle Toys Kids
B08Y1HQ9K5,United States Puzzles for Kids Ages 4-6 - Educational Toys for Boys & Girls - 70Pcs USA Map Kids Puzzle with 50 States & Capitals - Floor Jigsaw Puzzles - Fun Learning Activities & Gifts for Children,15.97,4.5,4100,Toys & Games,Puzzle Toys Kids
B0BNW8RGCD,"BONNYCO Brain Teaser Puzzles Cubes Kids Party Favors Pack 30. Pinata Goodie Bags Stuffers for Kids 3-5 4-8, Return Gifts for Birthday Party. Mini Puzzle Games, Classroom Prizes, Rewards Stocking",18.82,4.6,2900,Toys & Games,Puzzle Toys Kids
B0BZR8CPCK,MTYOKILN Magnetic Color & Number Maze - Montessori Wooden Color Matching Learning Counting Puzzle Board - Toddler Fine Motor Skills Toys for Boys Girls 2 3 4 Years Old,22.58,4.6,2700,Toys & Games,Puzzle Toys Kids
B09CGWJCTF,"Vdealen Magic Rainbow Puzzle Ball, Fidget Ball Puzzle Brain Teaser Fidget Toy for Boys & Girls- Birthday Party Easter Valentines Christmas Stocking Stuffers for Kids Teen & Adults(Blue)",6.77,4.4,6400,Toys & Games,Puzzle Toys Kids
B08MHQWH3S,"Montessori Mama Wooden Toddler Puzzles for Kids Ages 3-5, Montessori Toys for 3 Year Old, Animal Toddlers Toys Ages, 4-Pack Learning Toddler Puzzle",21.64,4.6,3700,Toys & Games,Puzzle Toys Kids
B0CSFPL6JN,"HEX BOTS Crawler Gecko with Official Wall Climber Technology, Rechargeable Remote Control Robot Kids Toy, Prank Toy for Boys & Girls Ages 4+",36.81,4.2,3600,Toys & Games,Remote Control Toys
B0BYNDL3SW,Chuya Baby Teether Toy Chew Toys for Babies 3-24 Months TV Remote Control Shape Teething Relief for Infants (Black),5.64,4.6,9200,Toys & Games,Remote Control Toys
B0CT8KCNBD,"Gesture Sensing RC Stunt Car - Boys Girls Toys Age 6-8-12, 4WD Hand Controlled Remote Control Twist Car with Light & Music,Cool Birthday presents and Ideas Gifts for Kids Age 6 7 8 9 10 11 12 YearsOld",42.18,4.6,1100,Toys & Games,Remote Control Toys
B0D1B6RF8N,"AUUGUU Remote Control Car, 2.4GHz Monster Trucks Toys with Light Spray, Birthday Gift for Kids 3 4 5 6 7 8, All Terrain RC Cars, Toddler Toys for Boys Girls 3+ Year Old",24.46,4.6,738,Toys & Games,Remote Control Toys
B01CIWDDMO,PREXTEX 2 Pack Cartoon Remote Control Cars for Toddlers - Police Car and Race Car with Steering Wheel Controllers and Lights - Different Frequencies Racing Together - Easter Toddler Gift 18+ Months,28.23,4.5,22700,Toys & Games,Remote Control Toys
B09P4TS8KX,"VERTOY Remote Control Dinosaur Toys for Kids - Build a Big Walking Velociraptor Dino with Light and Sound, Birthday Gift Ideas for Boys and Girls 3-5 5-7 8-12 Year Old",42.25,4.4,1100,Toys & Games,Remote Control Toys
B0F1BX7BMB,"Spider Gesture Sensing Remote Control Car, Double Sided RC Cars with Full-Body Light, 2.4GHz Hand Controlled Rechargeable RC Stunt Car Toys for Boys 4 5 6 7 8 9 10 11 12",27.29,4.6,974,Toys & Games,Remote Control Toys
B0C139S71F,"2Pcs Silicone Teething Toys, Remote Control Shape Teethers for Babies Remote Teething Toys, Silicone TV Remote Teether BPA Free/Refrigerator Safe",6.58,4.7,2100,Toys & Games,Remote Control Toys
B0DHZMSPSY,"AMCHSURI Remote Control Snakes Realistic Rc Snake Prank Cobra Rechargeable Smart Sensing Cat Toy with Infrared Controller Reptile Toys, Cool Gag Gifts or Christmas Birthday Gift for Boys Girls Ages 6+",19.76,4.0,384,Toys & Games,Remote Control Toys
B0BZHDW4KZ,"Tuko Remote Control Car Toys, RC Toys for 3+ Years Old Boy and Girl Gift",9.4,4.2,1000,Toys & Games,Remote Control Toys
B0C5HCX4J6,"MaxTronic Amphibious Remote Control Car,Rechargeable RC Cars Toy 360° Flips Rotation Stunt Crawler 15KM/H 4WD All Terrain Outdoor Indoor Toy for Kids Boys Girls 3-12",28.23,4.5,863,Toys & Games,Remote Control Toys
B0DBL6TD7V,"Nicella Remote Control Car, RC Toys Gifts for 6 7 8 9 10 11 12 Year Old Boys Girls - 360° Rotating 4WD Gesture Sensing RC Sunt Car with Lights & Music - Cool Birthday Gifts for Kids",21.64,4.4,219,Toys & Games,Remote Control Toys
B0BN15NBS1,"Hot Wheels RC Monster Trucks Mega-Wrex in 1:6th Scale, Extra Large Remote-Control Toy Truck, More Than 2ft Long",116.89,4.4,1300,Toys & Games,Remote Control Toys
B09XWPF29F,"LEGO City Express Passenger Train Set - Remote Controlled Train Toy W/Working Headlights, 2 Coaches & 24 Track Pieces - Building Set Gift Idea for Kids, Boys & Girls, Ages 7+ - 60337",175.06,4.8,749,Toys & Games,Remote Control Toys
B0CJ5HJB37,"Hooku 2 Pack Silicone Teething Toys for Babies 0-6 Months, Teethers for Babies 6-12 Months, Remote Teether for Baby, Sensory Toys for Babies, Baby Chew Toys KLW8808",9.4,4.7,4900,Toys & Games,Remote Control Toys
B0C9LXYX61,"Remote Control Car, 1:16 Scale RC Monster Truck for Boys, 2.4 GHz All Terrain RC Cars for Boys Girls 4-7 8-12, 20 Km/h Off Road RC Truck, Christmas Birthday Gift for Kids and Adult, Orange",23.52,4.3,573,Toys & Games,Remote Control Toys
B0D1K3YLWG,"Orzbow Baby Remote Control Toy for 6 Months+ with Music, TV Remote Toy with Realistic Light and Sound - English, French and Spanish for Infant Play - BPA Free, Black",9.4,4.6,902,Toys & Games,Remote Control Toys
B0FM36QW3B,"Wall Climbing Gecko Lizard, Kids Toys Remote Control Car, Rechargeable Wall Crawler Gecko Robot, Cool Prank Birthday Xmas for Grandkids Girls Kids Toys for Boys Ages 6 7 8 9 10",20.7,4.4,1100,Toys & Games,Remote Control Toys
B0F8NJJ6ZF,"Envyvip RC Wall Crawler Gecko, Rechargeable Remote Control Robot Kids Toys, Wall Climbing Funny Prank Toys Birthday Gifts for Boys & Girls Ages 4 and Up, Upgrade Low Noise (Green)",33.88,4.5,529,Toys & Games,Remote Control Toys
B07NNZTHHH,"KKONES Remote Control Car, 2.4GHz Double Sided 360° Flips Rotating Electric Race RC Stunt Car, LED Wheel & Headlight High Speed Off Road Cars Toy Gift for 3 4 5 6 7 8-12 Year Old Boy Toys (Blue)",22.58,4.4,8900,Toys & Games,Remote Control Toys
B0GGJ1TFTZ,Remote Control Snake Amphibious RC Snake Toy Indoor Outdoor Games Party Prank Water Pool Toys for Kids Birthday Gifts for Boys Girls Ages 5-8 8-13,33.88,4.4,34,Toys & Games,Remote Control Toys
B0FS1422LY,"Threeking RC Stunt Car Remote Control Cars with Quick-Swap Modular Battery, 5 Upgrades: Safety, Durability, Auto Demo, Eye-Safe LEDs, Type-C Charging, Toys Presents Gifts for Boys Girls Kids Ages 6-12",23.52,4.5,12600,Toys & Games,Remote Control Toys
B0BXL4FC7D,"2-Pack Silicone Baby Teething Toys, TV Remote Teethers for 6-12-18 Months Infant, Fire Remote Shape Toddlers Silicone Teethers for Boys and Girls Sensory Toy(Black+Blue)",6.48,4.8,789,Toys & Games,Remote Control Toys
B08HD89CX6,"Rock Painting Kit- Glow in The Dark Rock Kit, Arts and Crafts for Kids Ages 6-12, Art Supplies Toy, Kids Craft Paint Kits, Arts & Crafts for Boys Girls Birthday Party Gift Toy",14.11,4.7,11400,Toys & Games,Arts Crafts Kids
B0BRNY9HZB,"Dan&Darci Kids Rock Painting Kit - Glow in The Dark - Gifts Arts & Crafts for Boys and Girls Ages 6-12 - Craft Activities Kits - Creative Art Toys for 6, 7, 8, 9, 10, 11 & 12 Year Old Kid",13.17,4.7,31200,Toys & Games,Arts Crafts Kids
B09XBPLP2D,"Mumaloo Craft Box for Kids - 10 Creative Arts and Crafts for Kids Ages 4-8, Fun, No Mess Educational Preschool & Homeschool Art Projects, Toddler Crafts Kit Supplies, 3 4 5 6 7 8 Year Old Girls & Boys",28.23,4.6,1000,Toys & Games,Arts Crafts Kids
B083QTRPSY,"JOYIN 12 Wooden Magnet Creativity Arts & Crafts Painting Kit for Kids, Decorate Your Own Painting Gift for Halloween Crafts, Birthday Parties and Family Crafts, Party Favors for Boys Girls",9.4,4.6,5000,Toys & Games,Arts Crafts Kids
B081L8933P,"WATINC 6Pcs Hand Puppet Making Kit, Art Craft Felt Sock Puppet Toys, Creative DIY Make Your Own Pompoms Wiggle Googly Eyes Storytelling Role Play Party Supplies Gift for Girls Boys (Animals)",14.02,4.4,7100,Toys & Games,Arts Crafts Kids
B0C7S26G2L,"Dan&Darci Kids Sea Shell Painting Kit - Arts & Crafts for Kids - Gifts for Boys and Girls Ages 6-8, 8-12 - Craft Activities Kits - Creative Art Activity Gift Toys for Age 6 7 8 9 10 11 12 Year Old",12.23,4.6,1700,Toys & Games,Arts Crafts Kids
B0CN6YJSBQ,"Klever Kits DIY 3D Moon Night Light, Paint Your Own Moon Lamp Kit Galaxy Lamp Arts and Crafts Kit, School Activities, Birthday Gifts for Kids Girls Boys",14.11,4.6,2100,Toys & Games,Arts Crafts Kids
B0DCFPTLLF,"MuseLuxe Air Dry Clay - 32 Colors Modeling Clay Kit with 3 Sculpting Tools,Safe & Non-Toxic,DIY Magic Gifts Toys for Boys,Girls,Kids",7.52,4.5,1100,Toys & Games,Arts Crafts Kids
B0DK9DZG4H,FUNNYB&G Rainbow Scratch Paper Art for Kids - 60 Pcs Magic Rainbow Scratch Paper Off Set Scratch Easter Crafts Arts Supplies Kits Pads Sheets for Party Games Valentine's Day Christmas Birthday Gifts,9.4,4.8,555,Toys & Games,Arts Crafts Kids
B086KR7TYB,Crafts for Kids Ages 4-8 - 4 Pack DIY Bird House Wind Chime Kit - Build and Paint Birdhouses Wooden Arts Kits Easter Basket Stuffers Gifts for Girls Kids Boys Toddlers Ages 3-5 4-6 6-8 8-12,15.05,4.4,4200,Toys & Games,Arts Crafts Kids
B0DDLZV8YM,Dan&Darci Aqua Fairy Water Gel Kit for Kids - Gifts for Girls - Magic Elf Toy Kits - Waters Pets - DIY Squishy Maker Set - Craft for Kids - Make Your Own Squishies Toys Crafts - Gifts for Boys & Girls,23.52,4.7,2800,Toys & Games,Arts Crafts Kids
B0D5R6WWPZ,Aujazyble Pottery Wheel for Kids - Complete Pottery Painting Kit Arts and Crafts for Kids Ages 8-12 with 3 Pack Air Dry Clay Art Supplies Toys for Girls Boy Birthday Gift for 6 7 8 9 10 11 12+,28.23,4.4,1300,Toys & Games,Arts Crafts Kids
B0C8T6LNQZ,"klmars Kids Wooden Painting Kit-Glow in The Dark-Arts & Crafts Gifts for Boys Girls Ages 5-12-Craft Activities Kits - Creative Art Toys for 5, 6, 7, 8, 9, 10, 11 & 12 Year Old Kids",25.4,4.7,1500,Toys & Games,Arts Crafts Kids
B09Q3KVCB9,"Blue Squid 3000+ pcs Arts and Crafts Supplies for Kids | Craft Kit Box for Kids Age 4-5, 4-8, 6-8, 8-12 | Craft Supplies & Materials Crafts Set Toys Art Box Gifts for Girls Boys Bulk Art Kit",37.64,4.8,1200,Toys & Games,Arts Crafts Kids
B0FWBCLPJK,"Coodoo Magic Water Elf Toy Craft Kits, Aqua Fairy Water Gel DIY Squishies Squishy Maker Toddler Kids Toys for Girls Boys Toys Birthday Gifts, Art Supplies Arts and Crafts for Kids Ages 4-6 4-8 8-12",18.82,4.6,205,Toys & Games,Arts Crafts Kids
B00MJ8JSFE,"Crayola Construction Paper Bulk Pack (480 Sheets) – 10 Assorted Colors, 9x12, Teacher School Supplies & Classroom Must Haves, Card Making Craft Supplies, Art Paper",11.07,4.8,9100,Toys & Games,Arts Crafts Kids
B082WJRGCZ,Goody King Arts and Crafts Supplies for Kids - 1170Pcs+ Craft Art Supply Kit for Toddlers Kids Craft Supplies & Materials Age 4 5 6 7 8 9 - Christmas D.I.Y. Crafting School Supplies,16.93,4.5,4300,Toys & Games,Arts Crafts Kids
B0CNTRYHKK,"Aestd-ST Air Dry Clay 66 Colors, Modeling Clay for Kids, DIY Model Magic Clay, Molding Clay Kit with Sculpting Tools, Non-Sticky Soft and Super Light, Arts and Crafts Gift for Boys Girls Kids",18.82,4.6,2200,Toys & Games,Arts Crafts Kids
B07WSJVTR9,Kid Made Modern Arts and Craft Kit – A DIY 3.8 Pounds of Hobby Craft Supplies & Materials Box for Creative Art Projects for Kids Age 4 5 6 7 8 9 10 11 & 12 Year Old Girls & Boys,28.23,4.8,4900,Toys & Games,Arts Crafts Kids
B0CY5BQPR8,"Fabric Flower Bouquets Toys, DIY Craft Kits Toys for Kids - Flowers Market Toy, Build Your Flower Bouquet, Arts & Crafts for 4+ Year Toddler Girl, Educational Activity Preschool B-Day Gifts",18.82,4.8,1400,Toys & Games,Arts Crafts Kids
B07TBJSZFH,"FUNZBO Arts and Crafts Supplies for Kids - Toddlers Craft Kit with Glitter Glue Stick, Pipe Cleaners, Pom Poms, Popsicle Sticks Tools, DIY School Supplies Kit, Birathday Gifts for Girls Boys Age 4+",15.98,4.5,20000,Toys & Games,Arts Crafts Kids
B0CJYKM4FT,"Dan&Darci Paint Vortex Spin Art Machine - Kids Art Kit for Boys & Girls Ages 6+, Motorized Spinner with Splash Guard, Metallic Paints & 20 Artboards - Birthday Gifts for Girls - Craft Kit",15.05,4.4,1900,Toys & Games,Arts Crafts Kids
B0CNG47XMD,"Klever Kits 4PCS Window Art Suncatcher Kits, Fun Gem Painting Kits, Diamond Art and Crafts for Boys Girls, Great Crafts Gift for Kids Birthdays Christmas Ages 6+",12.23,4.6,1200,Toys & Games,Arts Crafts Kids
B0BF5GZP3D,"LAOESE Paint Your Own Moon Lamp Kit, Cool Gifts DIY 3D Moon Night Light, Arts and Crafts for Kids Ages 8-12, Space Art Supplies Craft Kits, Girls Boys Birthday Gifts for Kids Ages 3 4 5 6 7 8-12+",12.61,4.6,3200,Toys & Games,Arts Crafts Kids
B0DPPWRPBW,Blueweenly 12 Pcs Stuffed Animal Stuffed Plush Toys 6 inch Realistic Soft Decor Doll for Stress Relief Boys Girls Birthday Favors Gifts Forest Party Decor (Highland Cows),33.88,4.0,53,Toys & Games,Plush Stuffed Animals
B088WGHXLV,"My OLi 7"" Plush Toys Set Stuffed Animals Bundle of Forest Animal Toys Lion/Elephant/Zebra/Giraffe/Tiger/Leopard Stuffed Animals Pack of 6 for Babies Kids Girls Boys",28.23,4.7,663,Toys & Games,Plush Stuffed Animals
B0FH22N8QR,"7.5“ Plush Puppy Toy Puppy Stuffed Animal with Light Blue Bow, Fluffy Ultra-Soft Cuddly Dog Plush Companion, Adorable Plushie Toys Ideal Gift for Children",18.82,4.6,13,Toys & Games,Plush Stuffed Animals
B095C16YDZ,"Hopearl Adorable Plush Calf Elephant Toy Floppy Elephish Ultra Soft Haggable Stuffed Animal Birthday Holiday Gift for Boys Girls Kids Toddlers, Gray, 9''",15.98,4.7,1100,Toys & Games,Plush Stuffed Animals
B01LWU54YY,"JOYIN 24 Pack Mini Animal Plush Toy Assortment (24 Units 3"" Each), Animals Keychain Decoration for Kids, Small Stuffed Animal Bulk for Kids, Carnival Prizes, School Gifts, Party Favor Goodie Bags",15.05,4.6,7000,Toys & Games,Plush Stuffed Animals
B01BKUFDIW,Aurora® Snuggly Loppy Giraffe™ Baby Stuffed Animal - Comforting Companion - Imaginative Play - Brown 8 Inches,17.61,4.8,4000,Toys & Games,Plush Stuffed Animals
B0C2J5WLL5,Weighted Stuffed Animal for Anxiety | Calming & Comforting 5 Lbs | Weighted Plush Animal Sloth | Anxiety Stuffed Animals for Adults & Kids | Carrying Bag Included | Machine Washable Weighted Plushie,23.52,4.8,1300,Toys & Games,Plush Stuffed Animals
B0FHH83JH1,"Mewaii Weighted Stuffed Animals 5 lbs Adjustable, Heated & Coolable 23 Inch Plush for Realistic Hug, Microwavable Removable Inner Pad, Cat Gifts for Adults & Kids (Black)",33.88,4.8,533,Toys & Games,Plush Stuffed Animals
B083PS63QC,"Aurora® Adorable Mini Flopsie™ Fernando Frog™ Stuffed Animal - Mini Companions Ready for Playful Adventures - for Kids All Ages, Toddlers, Adults, and Families - Green 5.5 Inches",8.9,4.8,74800,Toys & Games,Plush Stuffed Animals
B00W8LBTMC,Douglas Spunky Hedgehog Plush Stuffed Animal,11.72,4.8,7100,Toys & Games,Plush Stuffed Animals
B08241CJN9,"MerryXD Chubby Blob Seal Pillow,Stuffed Cotton Plush Animal Toy Cute Ocean Large(23.6 in)",25.4,4.5,15000,Toys & Games,Plush Stuffed Animals
B0BYJJZ6SR,"FLUFFYFUN Realistic Stuffed Animals, Soft Floppy Plush Toys",52.7,4.9,12,Toys & Games,Plush Stuffed Animals
B094FD9MCW,"MorisMos Giant Alligator Stuffed Animal, 67inch Soft Large Alligator Plush Toy, Big Stuffed Crocodile Gifts for Kids Boys Girls",43.29,4.6,912,Toys & Games,Plush Stuffed Animals
B0FNRNFVHH,"5PC Highland Cow Stuffed Animals with Babies Inside, 1 Mommy Highland Cow Plush & 4 Surprise Babies, Cute Plush Toy for Kid Boys Girls Ages 3 4 5 6 7 8, Gift Ideal for Christmas, Valentine's, Birthday",33.88,4.7,80,Toys & Games,Plush Stuffed Animals
B083FM3R87,"Aurora® Adorable Mini Flopsie™ Ginger Cat™ Stuffed Animal - Mini Companions Ready for Playful Adventures - for Kids All Ages, Toddlers, Adults, and Families - Orange 8 Inches",8.71,4.8,74800,Toys & Games,Plush Stuffed Animals
B0F5WNKNB9,"Bunny Microwavable & Weighted Stuffed Animals - 1.5 Lbs Unscented Heating Pad for Period Cramps Pain Relief and Anxiety, Cute Bunny Plush Toys Gifts for Women Girls Adults and Kids by Happy Fuel",19.36,4.5,1200,Toys & Games,Plush Stuffed Animals
B0D8KB7B85,"Mewaii Cute Black Cat Plush Pillow, Kawaii Plushies Black Cat Stuffed Animals, Squishy Plushies, Cuddle Plush Pillow for Kids & Girls (13 Inch)",17.87,4.5,1800,Toys & Games,Plush Stuffed Animals
B000K6ZDG0,"Aurora® Adorable Mini Flopsie™ Scruff™ Stuffed Animal - Mini Companions Ready for Playful Adventures - for Kids All Ages, Toddlers, Adults, and Families - Brown 8 Inches",9.32,4.8,74800,Toys & Games,Plush Stuffed Animals
B0D9BXL59C,"Highland Cow Stuffed Animals, Microwavable Stuffed Animals Heating Pad for Cramps, Pain Stress Relief, Heatable & Coolable Lavender Scented Cow Plush Toy for Anxiety, Women Kid Bedtime Highland Cattle",19.34,4.7,3100,Toys & Games,Plush Stuffed Animals
B0D89TWVPB,"WEIGEDU Bunny Rabbit Stuffed Animals Plush Toys for Kids Girls Boys Baby Birthday Bedtime Gift, 17.7 inches",22.58,4.5,662,Toys & Games,Plush Stuffed Animals
B0BYPQG4MS,"GUND Sanrio Hello Kitty Unicorn Plush Toy, Premium Stuffed Animal for Ages 1 and Up, Yellow, 6”",23.52,4.8,2400,Toys & Games,Plush Stuffed Animals
B09PK9B3JC,BSVOME 9 inches Cow Stuffed Animal Soft Plush Cute Cow Doll for Boys Girls,7.98,4.7,1700,Toys & Games,Plush Stuffed Animals
B08QZGJSXK,"Hopearl Adorable Cow Plush Toy Floppy Dairy Cattle Soft Kawaii Cow Stuffed Animal Cute Birthday Holiday Gift for Boys Girls Kids Toddlers, 9''",15.04,4.6,1800,Toys & Games,Plush Stuffed Animals
B003S7EYZY,"GUND Philbin Classic Teddy Bear, Premium Stuffed Animal for Ages 1 and Up, Chocolate Brown, 12”",23.48,4.8,4100,Toys & Games,Plush Stuffed Animals
B08YQN6FJ6,"15.7"" Swan Stuffed Animal,Goose Plush White Stuffed Animal Toy Gifts for Kids",9.4,4.6,1200,Toys & Games,Plush Stuffed Animals
B00IUFCCLC,"GUND Randle Bernese Mountain Dog, Premium Stuffed Animal Plush for Ages 1 and Up, Black/Brown, 13”",25.39,4.6,6000,Toys & Games,Plush Stuffed Animals
B0D487FBFG,Aurora® Adorable Palm Pals™ Happy B'Day Cake Stuffed Animal - Fun Collectible Plush for Kids and Adult Collectors - Perfect for Decorating Rooms and Birthday Gifts - White 5.5 Inches,8.52,4.9,555,Toys & Games,Plush Stuffed Animals
B09H2S3K13,"Zhanmai 6 Pieces Safari Stuffed Animals Plush Jungle Animal Toys Set for Boys Girls, Lion Elephant Zebra Giraffe Tiger Monkey for Animal Themed Parties Student Award",23.52,4.4,999,Toys & Games,Plush Stuffed Animals
B0FKTNNFBD,Capybara Plush，Cute Capybara Mommy Stuffed Animal with 4 Baby Capybara Plushies in Tummy，Kawaii Capybara Plush Toy Gift for Kids Girls Boys,35.76,4.5,83,Toys & Games,Plush Stuffed Animals
B0C4H1ZN9L,"Apricot Lamb Toys Plush Plum Lying Dragon Dinosaur Stuffed Animal Soft Cuddly Perfect for Child (Red Dragon,15 Inches)",21.64,4.5,294,Toys & Games,Plush Stuffed Animals
B0GST94BDH,"11Pcs Capybara Plush Toy, Capybara Stuffed Animal with 10 Clothes and Accessories, 10 inch Super Soft Capybara Toys for Kids Girls Boys, Role Play Dress Up Gifts (Blue)",22.58,4.6,7,Toys & Games,Plush Stuffed Animals
B0F8BBP9VC,Sensory Alphabet Toys for Kids Toddler: Textured Fidget Toys with Sucion Cup - ABC Educational Toy Preschool Learning Activity - Fidget for Classroom Autistic - Easter Egg Fillers,11.28,4.4,94,Toys & Games,Sensory Fidget Toys
B0F4QQ52CY,"Fidget Sensory Toys for Kids Adults with Autism ADHD: 13 Pack Anxiety Relief Items Toy, Fun Classroom Prize & Travel Toys, Stress Relief Toy Gifts Party Favors for Kids",14.11,4.5,262,Toys & Games,Sensory Fidget Toys
B0CTT6W4BN,"JOYIN 4-Pack Fidget Tubes for Kids, Sensory Tubes, Stress Relief Toy, Speech Therapy, Calming Toys for Children with Autism, Calm Down Corner Classroom Supplies, Back to School Gifts for Toddlers",24.46,4.6,1300,Toys & Games,Sensory Fidget Toys
B0DZ6QKXWH,"Fidget Toys, 160 Pack Party Favors for Kids 8-12 4-8, Sensory Toys Bulk Autism Autistic, Treasure Box Toys for Classroom, Stocking Stuffers, Goodie Bag Stuffers, Christmas Birthday Gifts Prizes",13.17,4.7,795,Toys & Games,Sensory Fidget Toys
B07TT6664Z,"Fidget Toy Set, 35 Pcs Sensory Toy for ADD, OCD, Autistic Children, Adults, Anxiety Autism to Stress Relief and Anti Anxiety with Motion Timer, Perfect for Classroom Reward with Gift Box",18.82,4.4,8500,Toys & Games,Sensory Fidget Toys
B0D9YB8614,"15Pack Fidget Toys Bulk for Adult Kids Age 5-7, 8-12, Sensory Autism Travel Must Have ADHD Autistic Figette Classroom Treasure Prize Box School Must Have Stress Anxiety Easter Basket Stuffers Gifts",12.23,4.6,1000,Toys & Games,Sensory Fidget Toys
B0DSZKJFKQ,Sensory Fidget Toys for Kids Toddler: 4 Pack Color Sorting Sensory Toys for Autism - Squeeze Calming Toys for Toddler Girls Boys - Quiet Fidget Toys for Student Classroom - Goodie Bags Stuffers,9.4,4.3,279,Toys & Games,Sensory Fidget Toys
B0BKFDNJ72,"Sensory Autism Toys for Kids - Textured Stretchy Fidget Toys for Stress - Sensory Toys Special Needs for Autistic Toddlers Boys Girls Easter Baskets Stuffers Gifts, Treasure Prizes Classroom",13.17,4.8,919,Toys & Games,Sensory Fidget Toys
B0DG2VRFV7,"30 Pack Squishy Toys, Kawaii Squishies Party Favors for Kids 4-8 8-12 Treasure Box Toys for Classroom Birthday Xmas Gifts Goodie Bag Mini Animals Mochi Squishy Stress Relief Sensory Toys Random",8.46,4.6,3500,Toys & Games,Sensory Fidget Toys
B0D2ZWXRT7,"Morf Fidget Worm Toy - Flexible 3D Sensory Slug Figgy Toy for Kids, Teens, and Adults – Stretchy, Quiet, Stress and Anxiety Relief, Focus - For Play, School, Work Gifts, Great For Classroom and Office",13.17,4.4,2400,Toys & Games,Sensory Fidget Toys
B0DSVTXFNW,"luckdoor Silicone Magnetic Balls Fidget Toys for Adults & Teens,4PCS Stress Relief Sensory Toys for Autism ADHD Anxiety,Fun Textures Gadgets,Office Desk Toy,Stocking Stuffers for Women Men Teen Gift",9.4,4.8,1500,Toys & Games,Sensory Fidget Toys
B0D3WSCFJJ,"24 Pack Slow Rising Stress Cube , Dough Stress Balls Soft Fidget Squishy Toys for Anxiety Relief, Pull Stretch Classroom Prize Party Favors Toys for Kids",21.64,3.4,802,Toys & Games,Sensory Fidget Toys
B0GN3H2859,"Distractibles Capy Costume Mystery Box, 10 Articulated 3D Printed Capybaras & Sensory Clicker Box, Collectable Fidget Sensory Figures, Random Color Box",18.82,4.8,21,Toys & Games,Sensory Fidget Toys
B0GKVKQZ7S,"12 Pack Animal Texture Sensory Toys for Kids, Toddler Travel Toys for Airplane Car Roadtrip, Silicone Calming Autism Quiet Fidgets for Classroom, Birthday Gifts for Kids Toddlers",12.23,5.0,23,Toys & Games,Sensory Fidget Toys
B0CVWVXXDP,"100 Pack Mini Fidget Spinner Toys,Stress Relief Sensory Toys,Birthday Party Favors Gifts for Kids Teens Adults,Easter Basket Goodie Bag Stuffers,Treasure Box Toys for Classroom Prizes Supplies",18.8,4.7,97,Toys & Games,Sensory Fidget Toys
B081VZH4JN,"6 Set Squishy Sensory Stress Squeezing Balls forAdults: Best Calming Tool to Relieve Anxiety, Vent Mood and Improve Focus, Easter Basket Stuffers for Kids, Goodie Bag Stuffers",18.82,4.1,4400,Toys & Games,Sensory Fidget Toys
B08D3VSRFV,"Mr. Pen- Spiky Sensory Rings, 10 Pack, Jewel Tones, Stress Relief Fidget Sensory Toys, Fidget Ring for Anxiety, Massager, Individuals with BFRB, ADHD and Attention Disorder",4.95,4.3,7400,Toys & Games,Sensory Fidget Toys
B0D5M4BF52,"YZXODN 30 Pack Stretchy Strings Fidget Toys, Sensory Toys Bulk for Kids, Adults Stress Relief, Anti-Anxiety Autism Toys, Perfect for Easter, Children's Day, Classroom Exchange, Birthday, Party Favors",9.37,4.7,639,Toys & Games,Sensory Fidget Toys
B0CRXCSLTX,"Pushpeel Sensory Activity Board: Silicone Fidget Toy for Calming, Stress, Anxiety, ADHD & Autism | Silent, No Mess | Kids 3+ & Adults | Includes Portable Travel Bag & 11 Strings",18.82,4.7,1600,Toys & Games,Sensory Fidget Toys
B0CP22LZZ1,"120 Pcs Fidget Toys Pack, Pop Sensory Party Favors Set Gifts for Kids Adults Boy Girl Stocking Stuffers Autistic Bulk Goodie Bag Filler Treasure Box Classroom Prizes School",18.78,4.6,1900,Toys & Games,Sensory Fidget Toys
B0G3P428LL,"160 Pcs Fidget Toys Party Favors Pack, Randomly Selected Pop Sensory Set Gifts Stickers for Kids Adults Boy Girl Stocking Stuffers Autistic Bulk Goodie Bag Filler Treasure Box Classroom Prizes School",12.23,4.2,998,Toys & Games,Sensory Fidget Toys
B0F9KY65MH,"Sensory Fidget Toys for Kids Adults,6PCS Flexible Fidget Sticks for Stress Anxiety Autistic ADHD, Calm Down Travel Airplane Classroom Students Prizes Toys, Stocking Stuffers for Teens Boys Girls",9.4,4.5,395,Toys & Games,Sensory Fidget Toys
B0CVYK21SN,"PILPOC theFube Fidget Cube, 6-Sided Stress Relief Infinity Cube for Adults & Kids, Boosts Concentration, Mindfulness Aid, Silent & Audible Modes, Stocking Suffers for Boys, Kids and Adults (Midnight)",13.13,4.3,6300,Toys & Games,Sensory Fidget Toys
B0DZXXPLLL,"550pcs Fidget Toys for Adults, Stress Relief Sensory Toys for Autism ADHD Anxiety,Desk Fidgets Toys,Fidgets Toys Adults Gifts",9.4,4.5,657,Toys & Games,Sensory Fidget Toys
B08LVFSWSN,8Pcs 24Links Fidgets Wacky Tracks Fidget Toys for Kids Valentines Day Gifts Classroom Gifts School Easter Stocking Stuffers Plastic Sensory Autism Snap Fidget Click Snake Toys for Adults Travel 11inch,6.58,4.8,3900,Toys & Games,Sensory Fidget Toys
B0F4WP1THN,"Sensory Fidget Magnet Toys for Kids: Silicone Magnetic Sliders Stress Fidgets for Autism, Stress Small Fidget Toys for Adults Office Desk / Portable Travel Prizes Classroom Must Haves, Gifts for Kids",12.23,4.4,581,Toys & Games,Sensory Fidget Toys
B0F6Y5C2MF,"4Pack Fidget Toys Mini Squishy Stress Cube, Stress Balls for Kids, Adults Squishies Anxiety Stress Relief, Ice Squishy Cube Sugar Balls, Sensory Toys for Kids with Autism, Fidgets for Classroom Prize",28.23,3.6,259,Toys & Games,Sensory Fidget Toys
B0973R7JMP,"Fidget Poppers Pack – 50 Pcs Fidget Toys, Party Favors for Kids 8-12, Stocking Stuffers, Bulk Sensory Toys for Classroom Treasure Box Prizes, Goodie Bags, Birthday Gifts",23.48,4.6,16300,Toys & Games,Sensory Fidget Toys
B0DHFNGQ4B,"Fidget Sensory Toys for Kids: 26 Pack Quiet Squishy Fidgets for Classroom Students Prizes- Textured Soft Fidget Rings Stretchy Strings for Autism - Office Desk Toddler Travel Fidget Box,Easter Gifts",16.93,4.7,179,Toys & Games,Sensory Fidget Toys
B0CPLKZ3NB,Staryou Sensory Lights Baby Sound Machine Night Light Projector Sensory Toys for Kids with Autism Fidget Toys for Kids 15 White Noise 3D Films 31Colors Night Light for Kids Toys for Boys 3-10,33.88,4.4,824,Toys & Games,Sensory Fidget Toys
B0GVNKV115,"ChildFun 6 PCS Animal Suction Popper Sensory Toys, Toddler Travel Toys for Airplane Car Activities, Silicone Fidgets Toys for 12 Months+ Babies, Toys for 1 2 3 Year Old Girls Boys Birthday Gifts",9.4,4.6,414,Toys & Games,Sensory Fidget Toys
B0C2375TVQ,"120 Pack Transformable Fidget Spinner Toys for Kids and Adults, Funny Stress Relief Sensory Fidget Toys for Girls and Boys Age 8-13 Deformable Chain DIY Fingertip Gyros Party Favors Birthday Gifts",55.52,4.2,17,Toys & Games,Sensory Fidget Toys
