asin,title,category,subcategory,price,rating,review_count,sales_est,competitors,weight_lbs,length_in,width_in,height_in,is_prime,is_fba,bsr_category,listed_since_days
B000068CKY,"Melissa & Doug Wooden Building Blocks, 100-Piece Set of Sorting & Stacking Toys in 4 Colors and 9 Shapes, Classic Toddler Toys for Girls & Boys Ages 2+ - FSC Certified",Toys & Games,Building Toys,15.99,4.8,28200,8460,48,1.4,13.9,8.4,3.7,True,True,Building Toys,491
B00U26LT34,"MEGA BLOKS First Builders Toddler Blocks Toys Set, Deluxe Building Bag with 150 Pieces and Storage, Creative Open-Ended Play, Blue, Ages 1+ Years (Amazon Exclusive)",Toys & Games,Building Toys,32.39,4.8,8700,2610,42,2.34,11.9,6.1,5.0,True,True,Building Toys,451
B097QD9666,LOLO TOYS Large Building Foam Blocks for Toddlers – Giant Jumbo Big Building Blocks (30 Pieces),Toys & Games,Building Toys,39.99,4.8,785,235,25,1.9,13.2,8.7,5.8,True,True,Building Toys,993
B0CC5GTSQF,"Goody King Magnetic Blocks |100PCS Magnetic Building Cube Game, Constructions Toys for Boys & Girls Age 3-4, 5 6 7 8 9 10, STEM Montessori Stacking Toy, Sensory Tiles Building Birthday for Toddlers",Toys & Games,Building Toys,25.63,4.7,2100,630,40,1.15,11.1,11.7,5.8,True,True,Building Toys,128
B01NAD9HD9,PicassoTiles 120pcs Hedgehog Interlocking Building Blocks Tiles Construction Toy Set Learning Playset STEAM Development Preschool Kindergarten Toy for Kids Age3+ PTB120,Toys & Games,Building Toys,24.99,4.7,7900,2370,49,2.71,10.2,9.7,5.5,True,True,Building Toys,807
B0CHJTD1FS,"Magnetic Building Blocks Large, 1.65 inch Magnetic Stacking Cubes for Toddlers, Sensory & Montessori Toys for Boys & Girls 1 2 3 Years Old (12 PCS)",Toys & Games,Building Toys,15.99,4.7,1800,540,35,1.81,13.5,6.9,3.3,True,True,Building Toys,292
B0BKL6SW3B,Mruikeny Magnetic Tiles Building Blocks for 3 4 5 6 7 8+ Years Old Boys Girls Colorful Magnet Stacking Toys Birthday Gift for Toddlers STEM Preschool Educational Construction Tiles Set,Toys & Games,Building Toys,9.99,4.6,1000,300,27,1.75,10.5,11.4,4.6,True,True,Building Toys,1043
B079MDLGT8,"Dimple Building Blocks for Toddler (300 Pcs) Stacking Toys & Puzzle Games for Learning and STEM Fun Montessori Toys, Educational Baby Blocks Age 3+ Toddler Boy & Girl Birthday for Kids",Toys & Games,Building Toys,29.89,4.4,3500,1050,37,0.46,11.2,10.7,2.7,True,True,Building Toys,559
B007GE75G0,"MEGA BLOKS First Builders Toddler Blocks Toys Set, Big Building Bag Collection with 80 Pieces and Storage, Pink, Ages 1+ Years",Toys & Games,Building Toys,17.0,4.8,131400,39420,40,2.71,10.2,9.1,3.9,True,True,Building Toys,245
B0CZQWG7ZC,"Kids STEM Building Toys for 3 4 5 6 7 8+ Year Old Boy Girl Birthday Gift, 125 Pcs Preschool Classroom Educational Building Blocks Stem Kits Activities Ages 3-5 4-8 5-7 6-8 Engineering Creative Games",Toys & Games,Building Toys,29.99,4.7,846,253,37,1.51,13.0,6.9,5.0,True,True,Building Toys,346
B08R3TW6PD,"Coodoo Upgraded Magnetic Blocks Tough Tiles STEM Toys for 3+ Year Old Boys and Girls Learning by Playing Games for Toddlers Kids, Compatible with Major Brands Building Blocks - Starter Set",Toys & Games,Building Toys,14.99,4.6,10600,3180,48,1.55,11.3,8.2,5.7,True,True,Building Toys,1167
B09V4TZCF6,"Building Blocks for Toddlers 2-5 Including a Baseplate, 150 Piece Big Building Blocks for Kids, Block and Bricks Set Educational Toys for Children Boys Girls All Ages, Compatible with All Major Brands",Toys & Games,Building Toys,30.99,4.7,1200,360,43,2.21,13.1,8.2,3.2,True,True,Building Toys,242
B092D6N5MC,"aotipol Building Blocks for Kids Toddlers Including a Baseplate, 101-piece Large Classic Building Bricks Set for Kids of All Ages, Basic STEM Toys Gift, Compatible with All Major Brands",Toys & Games,Building Toys,25.99,4.7,3000,900,43,2.38,12.7,7.4,5.6,True,True,Building Toys,619
B0BTW7P7H3,"Pairez Toys Foam Building Blocks for Toddlers 2-4, 41 Pieces EVA Soft Stacking Blocks, Baby Bath Foam Toy Set, Early Learning Construction Toys & Gifts for Kids, Boys & Girls 18+ Months",Toys & Games,Building Toys,14.99,4.5,1000,300,26,2.01,15.1,11.8,3.8,True,True,Building Toys,611
B0CB594R7D,"Magnetic Blocks,32PCS Magnetic Building Blocks for Toddlers Age 3-5 Magnet Cubes Toys STEM Educational Sensory Montessori Toys 1-3 Christmas Birthday Gifts for Kids Ages 3 4 5 6 Year Old Boys Girls",Toys & Games,Building Toys,15.99,4.4,777,233,31,2.75,14.8,10.2,5.1,True,True,Building Toys,1068
B09YR7B1KS,"Apluses 42PCS Magnetic Blocks, Gifts for 3 4 5 6 Year Old, Magnet Building Blocks for Toddlers, Girls & Boys, Sensory - Montessori - Autism - Magnetic Toys for Kids Ages 3-5 4-8",Toys & Games,Building Toys,15.76,4.7,1900,570,32,2.2,14.0,7.0,5.1,True,True,Building Toys,584
B07QN3SFCT,"burgkidz STEM Learning Pipe Tube Construction Building Blocks, Sensory Toys with Wheels Baseplate for All Ages Kids Boys Girls, 188 Pcs",Toys & Games,Building Toys,34.96,4.7,819,245,32,2.32,14.0,9.9,4.5,True,True,Building Toys,795
B0D8JGLTYT,"Magnetic Tiles - Road Set, Magnetic Building Blocks, Preschool Montessori Toys Gift for 3+ Year Old Boys and Girls, Sensory Christmas Toys for Kids Aged 3-5 and 4-8, Ideas for Toddler with Autism",Toys & Games,Building Toys,25.98,4.6,1800,540,41,1.13,11.4,8.1,5.8,True,True,Building Toys,925
B0B24RNM8D,"TOMYOU 200 Pieces Building Blocks Kids STEM Toys Educational Discs Sets Interlocking Solid Plastic for Preschool Boys and Girls Aged 3+, Safe Material Creativity",Toys & Games,Building Toys,19.99,4.6,2700,810,39,1.66,13.8,6.4,4.1,True,True,Building Toys,143
B000GIL2DU,Melissa & Doug Deluxe 10-Piece Alphabet Nesting and Stacking Blocks - FSC Certified,Toys & Games,Building Toys,9.59,4.2,5900,1770,39,1.31,12.3,10.0,4.2,True,True,Building Toys,705
B0CP4BSFB9,"Goliath Jelly Blox Creative Kit | Includes 20 Blocks | Toddler & Preschool Building Blocks Kids Can Squeeze, Stretch, Squish | MESH ACCREDITED | Safety Tested & Ouch-Free | Sensory Play Toy Ages 2+",Toys & Games,Building Toys,16.99,4.7,2200,660,34,1.85,15.2,11.3,3.3,True,True,Building Toys,372
B0B18FKNQJ,FUBAODA Building Blocks for Toddlers & Kids 180 Pcs Toy Building Sets – STEM Building Toys –Interlocking Building Blocks for Toddlers and Kids,Toys & Games,Building Toys,23.99,4.5,804,241,34,1.06,12.7,11.8,4.3,True,True,Building Toys,188
B0BZSCBJG3,"961 Pcs building toys for kids ages 4-8, Educational STEM Building Blocks for Brain Development & Hands-On Ability Improvement, Construction Toy for Preschool and Kindergarten Boys & Girls Aged 3+",Toys & Games,Building Toys,19.94,4.5,161,100,28,1.59,13.9,7.5,3.7,True,True,Building Toys,837
B0BLBXY6JV,"Gemmicc Magnetic Tiles, Deluxe 136 PCS Building Blocks Magnet Toys for Kids,3D Magnet Puzzles Stacking Blocks for Boys Girls,Huge Set with 2 Cars",Toys & Games,Building Toys,31.99,4.8,3100,930,40,0.61,13.6,8.2,2.1,True,True,Building Toys,447
B0F8PKN4B7,"Asmodee Ticket to Ride Board Game (2025 Refresh) - A Cross-Country Train Adventure for Friends and Family, Strategy Game for Kids & Adults, Ages 8+, 2-5 Players, 30-60 Minute Playtime",Toys & Games,Board Games,39.99,4.8,448,134,39,0.6,14.8,7.8,4.1,True,True,Board Games,400
B0BGLWLWMR,The Attic Monster | Family Board Game | Board Game for Adults and Family | Adventure Board Game | Ages 5+ | for 2 to 4 Players | Average Playtime 30 Minutes…,Toys & Games,Board Games,19.99,4.4,158,100,35,0.65,11.9,7.4,2.6,True,True,Board Games,467
B0BFP4VZCP,"The Uzzle 3.0 Board Game, Family Board Games for Children & Adults, Block Puzzle Games for Ages 4+",Toys & Games,Board Games,49.99,4.7,7400,2220,50,0.82,13.2,10.1,1.5,True,True,Board Games,485
B0DYK1ZH2D,"CATAN Board Game (6th Edition) Trade, Build & Settle in the Classic Strategy Game for Family, Kids & Adults, Ages 10+, 3-4 Players, 60-90 Min Playtime",Toys & Games,Board Games,39.99,4.8,39500,11850,50,0.72,8.0,11.3,3.4,True,True,Board Games,485
B00D7OAOYI,Hasbro Gaming Trouble Board Game for Kids Ages 5 and Up 2-4 Players,Toys & Games,Board Games,9.84,4.7,39800,11940,50,0.92,12.4,6.3,4.6,True,True,Board Games,427
B076HK9H7Z,Sorry! Board Game for Kids Ages 6 and Up; Classic Hasbro Board Game; Each Player Gets 4 Pawns; Family Game,Toys & Games,Board Games,8.98,4.8,34000,10200,50,2.0,14.1,11.7,4.7,True,True,Board Games,1156
B07P6MZPK3,"Mattel Games UNO Card Game for Kid, Adult & Family Nights & Parties, Travel & Vacations, Color Blind Accessible & Customizable Deck (Amazon Exclusive)",Toys & Games,Board Games,11.87,4.8,60300,18090,50,0.65,4.1,5.2,2.0,True,True,Board Games,476
B00TLEMRKM,"Hasbro Gaming Yahtzee Game, Fast-Playing Dice Games for Kids, Teens, and Adults, Strategy Games, Family Games for Kids, 2 or More Players, Ages 8 and Up",Toys & Games,Board Games,8.88,4.8,40200,12060,50,1.85,12.3,7.2,5.5,True,True,Board Games,354
B084D2XQ9F,"HUES and CUES - Vibrant Color Guessing Board Game for 3-10 Players Ages 8+, Connect Clues and Guess from 480 Color Squares",Toys & Games,Board Games,24.97,4.7,10100,3030,50,1.84,11.9,9.8,5.1,True,True,Board Games,531
B09QRXD9H1,"USAOPOLY The Original TAPPLE, The Fast-Paced Family Board Game,Choose a Category & Race Against The Timer to be The Last Player,Learning Word Game for Ages 8 & Up, 2-8 Players, 15-20 Minute Play Time",Toys & Games,Board Games,19.98,4.7,11100,3330,50,1.81,11.8,10.0,2.6,True,True,Board Games,1052
B09D44JH4S,"Hasbro Gaming Scrabble Board Game, Classic Word Games for Kids Ages 8 and Up, Fun Family Game for 2-4 Players, The Classic Crossword Game",Toys & Games,Board Games,21.92,4.8,5300,1590,50,1.46,11.9,8.1,3.9,True,True,Board Games,102
B00D8STBHY,"Hasbro Gaming Connect 4 Classic Grid, 4 in a Row Game, Strategy Board Games for Kids, 2 Players for Family and Kids, Easter Gifts for Boys and Girls, Ages 6+",Toys & Games,Board Games,8.89,4.8,81400,24420,50,1.42,13.1,8.6,4.1,True,True,Board Games,552
B07XGNSH8Y,Moose Master - Laugh Until You Cry Fun - Your Cheeks Will Hurt from Smiling and Laughing so Hard - for Fun People Looking for A Hilarious Night in a Box,Toys & Games,Board Games,21.99,4.6,5100,1530,50,1.79,12.2,7.9,4.4,True,True,Board Games,843
B0FQDMNXPX,"Action Party Game – 200 Skill Challenges for Team Building, Family Game Night | Complete Set for Adults, Teens, Kids 8+ with 10+ Accessories | Competitive Group Activity",Toys & Games,Board Games,29.99,4.8,101,100,46,2.08,12.8,6.4,4.6,True,True,Board Games,301
B0GFVDJRDH,"Letter & Word Challenge Game, Fast-Paced Category Word Game for Quick Thinking, Fun Vocabulary & Spelling Game for Kids, Teens, Adults, Educational Family Game for Ages 8+, 2-6 Players",Toys & Games,Board Games,18.99,4.8,13,100,34,0.74,8.9,6.5,4.2,True,True,Board Games,1047
B008J87PVC,"Hasbro Twister Party Classic Board Game for 2 or More Players,Indoor and Outdoor Game for Kids 6 and Up,Packaging May Vary",Toys & Games,Board Games,14.34,4.7,14200,4260,50,3.82,8.7,6.2,2.1,True,True,Board Games,574
B0B5HLZ8T4,"Monopoly Game, Family Board Games for 2 to 6 Players & Kids Ages 8 and Up, Includes 8 Tokens (Token Vote Edition)",Toys & Games,Board Games,17.99,4.8,5700,1710,48,1.52,14.9,8.2,5.4,True,True,Board Games,738
B0D87PKYYK,Official Hasbro Games Jenga Game | Digital Die for 6 More Ways to Play | Original Wood Block Game | Stacking Tower | Ages 6+ | 1+ Players | Party Games,Toys & Games,Board Games,14.97,4.8,2500,750,47,2.31,14.4,8.4,5.4,True,True,Board Games,834
B09D4QRJ8Y,Hasbro Gaming Battleship Classic Board Game | Strategy Games for Kids and Adults | Ages 7+ | 2 Players | Fun Kids Games | Family Games,Toys & Games,Board Games,14.44,4.7,7800,2340,47,2.46,10.6,9.6,4.6,True,True,Board Games,1131
B077Z1R28P,"Taco Cat Goat Cheese Pizza Wildly Entertaining Card Game for Family and Group Game Night | Easy to Learn and Play with 10-15 Minute Rounds | Fun for Kids, Teens, Adults, and Families | 2-8 Players",Toys & Games,Board Games,9.95,4.8,53400,16020,50,0.61,4.8,5.9,2.5,True,True,Board Games,221
B08BHHRSPK,"The Game of Life Board Game, Family Games for Kids Ages 8 and Up, Pegs Come in 6 Colors, Family Board Games for 2 to 4 Players",Toys & Games,Board Games,21.92,4.7,6800,2040,50,1.62,9.7,11.8,3.0,True,True,Board Games,493
B000GBA60W,Hasbro Gaming Jenga Wooden Blocks Stacking Tumbling Tower Game | Party Games for Kids & Families | Stocking Stuffers | Ages 6+ (Amazon Exclusive),Toys & Games,Board Games,19.99,4.8,23700,7110,50,1.65,14.6,7.2,4.7,True,True,Board Games,874
B087CBJ465,"Do You Really Know Your Family? A Fun Family Game Filled with Conversation Starters and Challenges - Great for Kids, Teens and Adults",Toys & Games,Board Games,19.82,4.6,16600,4980,50,0.92,8.2,9.6,2.2,True,True,Board Games,203
B00000DMF5,"Hasbro Gaming Candy Land Kingdom of Sweet Adventures Board Game for Kids, Easter Gifts for Boys and Girls, Ages 3 & Up (Amazon Exclusive)",Toys & Games,Board Games,12.86,4.8,37300,11190,50,1.56,9.3,7.7,4.8,True,True,Board Games,898
B08MVWB4SC,"Hasbro Gaming Guess Who? Board Game, with People and Pets Cards, The Original Guessing Game for Kids, Ages 6 and Up, Easter Gifts for Boys and Girls (Amazon Exclusive)",Toys & Games,Board Games,16.56,4.6,6900,2070,50,0.77,6.3,5.5,2.4,True,True,Board Games,698
B08BJCZ1MW,"Guess The Gibberish Card Game for Families by Relatable, From The Creators of Incohereant, Fun Kids Games for Kids 12+, Game Night With Friends, Includes 400 Cards, Instructions, and 1 Sand Timer",Toys & Games,Board Games,19.82,4.6,26300,7890,50,0.86,7.4,5.5,1.1,True,True,Board Games,1196
B07G2VHPRW,"USAOPOLY BLANK SLATE, Where Great Minds Think Alike, Fun Family-Friendly Board Game, Word Association Party Game, Easy to Learn, Fun to Play Family Game Night, 3-8 Players, Ages 8+",Toys & Games,Board Games,22.69,4.8,13200,3960,50,2.01,13.9,8.5,3.1,True,True,Board Games,299
B0812BN1L1,"WHAT DO YOU MEME? Family Edition by Relatable, Now with Refreshed Content - Kids Games 8+, Family Games for Kids and Adults, The TikTok Viral Sensation, Includes 300 Caption Cards, 108 Photo Cards",Toys & Games,Board Games,19.97,4.6,37400,11220,50,0.74,5.5,3.4,1.4,True,True,Board Games,1007
B0B2JZHQ2P,"Tic Tac Toe Board Game,Tic Tac Toe Family Game, Classic Board Game, Classical Family Board Game,Children's Tic Tac Toe Game, Plastic tic tac Toe Game, Board Size 15 X 15 cm",Toys & Games,Board Games,5.97,4.3,1600,480,48,1.15,10.5,9.5,5.0,True,True,Board Games,1018
B0BRYH5FJ8,"Spin Master Games, Hedbanz 2023 Edition with New Cards, Picture Guessing Board Game, for Family & Kids, 2-6 Players, for Ages 6 & Up",Toys & Games,Board Games,16.99,4.7,15500,4650,50,0.61,6.9,4.7,1.5,True,True,Board Games,489
B0FL81DBXX,"ALL THINGS EQUAL The Good News is Game, Electronic Family Party Game for Kids & Adults, Funny Fill-in-the-Blank Activity, Conversation Starter Card Set for Family Night, Teen and Adult Parties",Toys & Games,Board Games,24.99,4.6,1700,510,50,2.13,9.1,9.8,3.5,True,True,Board Games,1044
B00IZEUFIA,"Asmodee Splendor Board Game - Gem Trading & Engine-Building Strategy for Adults & Families, Adult Board Games, Family Fun for Adults, 2-4 Players Ages 10+, 30 Minute Playtime",Toys & Games,Board Games,31.99,4.9,14900,4470,50,2.62,11.3,10.2,3.7,True,True,Board Games,540
B0FQQWTDF7,"Viral Studios Scrambled The Dice-Driven Word Game Fast-Paced Party Game | Spell, Shout, and Win in This Ultimate Brain-Sprint Challenge for 1–5 Players for Families, Gamenight and Hangouts",Toys & Games,Board Games,29.99,4.5,123,100,48,2.44,13.1,10.0,3.4,True,True,Board Games,1142
B00008BFZH,"Snap Circuits Jr. SC-100 Electronics Exploration Kit, Over 100 Projects, Full Color Project Manual, 28 Parts, STEM Educational Toy for Kids 8 +",Toys & Games,STEM Toys,29.98,4.8,29000,8700,42,1.0,8.0,8.1,6.7,True,True,STEM Toys,222
B0FFSSWTB6,"1000X Handheld Digital Microscope for Kids: Pocket Microscope with 2.0"" IPS Screen - STEM Toys Birthday Gifts for Girls Boys Child - Portable Edu Science Kits Toddler Age 3-6 6-12",Toys & Games,STEM Toys,29.99,4.6,712,213,26,1.03,11.3,10.7,2.1,True,True,STEM Toys,403
B07T1NZD27,"Sillbird 12-in-1 Solar Robot Building Kit STEM Gift for Boys Aged 8-13, DIY Science Educational Robotic Toys for Kids Teens Birthday, Powered by the Sun with 190 Pieces",Toys & Games,STEM Toys,14.97,4.3,15600,4680,39,1.79,12.9,11.9,3.5,True,True,STEM Toys,138
B00IUAAK2A,ThinkFun Gravity Maze - Falling Marble Logic Game - Challenging STEM Toy for Kids 8-12 - Gravity Marble Maze - Brain-Building Fun - Educational Gift - Boosts Critical Thinking & Problem Solving,Toys & Games,STEM Toys,22.79,4.6,37600,11280,40,1.64,14.0,7.0,3.8,True,True,STEM Toys,411
B0CRK33YXD,"Dan&Darci Root Viewer Kit for Kids - Grow Your Own Plant for Boys & Girls Gifts - Science STEM Toy & Craft Growing Kits for Ages 4-8 Birthday Gifts for Boy, Girl 4, 5, 6, 7, 8, Year Old",Toys & Games,STEM Toys,17.99,4.3,1300,390,28,2.25,11.4,6.8,4.4,True,True,STEM Toys,379
B097F49QYH,"Learning Resources STEM Explorers Brainometry - 3D Puzzle Games for Kids, Kids Travel Games, Brain Teaser Puzzles, Pattern Memory Game, Brain Game Toys, Classroom Toys, 5 Year Old Boy and Girl Gifts",Toys & Games,STEM Toys,14.99,4.7,2900,870,27,0.72,11.3,10.9,2.0,True,True,STEM Toys,978
B0BZT443MB,"Learning Resources STEM Explorers Pixel Art Challenge - Science Kits & STEM Activities for Kids, Pattern Blocks, Fine Motor Skills, Math Manipulatives, Sorting and Counting, Gifts for Boys and Girls",Toys & Games,STEM Toys,19.79,4.5,1900,570,25,1.22,10.1,6.3,3.8,True,True,STEM Toys,1157
B0B8D4JZN4,10 in 1 STEM Toys for 4 5 6 7 8+ Year Old Boy Girl Birthday Gifts Building Toys Stem Kits Activities for Kids Ages 4-8 5-7 6-8 Educational Learning Boy Toys Age 3-5 4-6 8-10 Engineering Creative Games,Toys & Games,STEM Toys,26.99,4.7,1900,570,35,2.58,10.6,6.6,3.8,True,True,STEM Toys,1028
B01K1K0K6M,"Step2 Rain Showers Splash Pond Water Table, Kids Water and Sand Activity Sensory Playset, Summer Outdoor Toys, 13 Piece Water Toy Accessories, For Toddlers 1.5+ Years Old, Blue & Green",Toys & Games,STEM Toys,84.99,4.7,23400,7020,30,2.05,11.5,8.9,2.2,True,True,STEM Toys,601
B07XTKJXPT,"Smartivity DIY Robotic Mechanical Hand STEM Toy for Kids 8-14 Years Old | Parents Choice Award Winner I Birthday Gift for Kids | Engineering Kit for 8, 9, 10, 11, 12, 13, 14 Years Old Boys & Girls",Toys & Games,STEM Toys,32.99,4.6,3600,1080,36,1.29,10.4,7.4,4.9,True,True,STEM Toys,681
B0BPJZC26G,"Lite-Brite Touch - Create, Play and Animate - Light Up Portable Stem Sensory Learning Toy, Creative Art Stem Toy for Girls, Boys, Unisex, Toddler, Holiday, Birthday, Gift, Ages 6+",Toys & Games,STEM Toys,27.99,4.6,1500,450,35,1.73,9.5,6.0,4.5,True,True,STEM Toys,794
B08T91BVLM,COUOMOXA Magnetic Building Blocks for Toddlers: STEM Educational Toys for 3 4 5+ Years Old Kids - Magnetic Stick Montessori Game for Family for Boys Girls 3-5,Toys & Games,STEM Toys,19.99,4.4,1300,390,35,1.31,13.2,7.6,3.8,True,True,STEM Toys,477
B086JQQHPK,"3Doodler Start+ Essentials 3D Pen Set for Kids, Easy to Use, Learn from Home Art, Educational STEM Toy for Boys & Girls Ages 6+",Toys & Games,STEM Toys,54.97,4.4,11100,3330,33,0.8,10.8,10.3,3.2,True,True,STEM Toys,213
B09CTX4BW5,"Dinosaur Toys for 3, 4, 5, 6, 7 Year Old Boys, Take Apart Toys with Electric Drill for Kids, STEM Educational Construction Building Toy, Ideal Birthday Christmas Easter Gifts, Incl Tyrannosaurus Rex",Toys & Games,STEM Toys,19.99,4.6,3400,1020,33,2.29,14.0,11.0,5.1,True,True,STEM Toys,622
B085WF9CHH,"Blue Marble National Geographic Magic Chemistry Set – Science Kit for Kids with 10 Amazing Magic Tricks, STEM Projects and Science Experiments, Science Toys, Great Gift for Boys and Girls 8-12",Toys & Games,STEM Toys,16.99,4.7,13000,3900,45,1.91,14.1,11.4,3.7,True,True,STEM Toys,377
B0C3GWRMZY,"STEM Kits for Kids Crafts 6-8 8-12, Boys Gifts Toys for 6 7 8 Year Old Boy Birthday Gift Ideas, STEM Toys Crafts 6+ 7+ yr, Robotics Science Kits Activities Robot Building Age 8-10 9 10 11 12 13 14",Toys & Games,STEM Toys,18.8,4.5,1300,390,34,1.13,10.4,7.3,4.9,True,True,STEM Toys,1048
B08HD89CX6,"Rock Painting Kit- Glow in The Dark Rock Kit, Arts and Crafts for Kids Ages 6-12, Art Supplies Toy, Kids Craft Paint Kits, Arts & Crafts for Boys Girls Birthday Party Gift Toy",Toys & Games,STEM Toys,14.99,4.7,11400,3420,41,2.33,14.4,10.5,3.6,True,True,STEM Toys,825
B0CSZD5FCY,Snap Circuits Flight Deck Science/STEM Toy kit | Ages 8+ | Construction Gift for Boys and Girls,Toys & Games,STEM Toys,14.99,4.6,543,162,26,0.83,7.5,3.7,1.3,True,True,STEM Toys,722
B00AU56C5W,"PicassoTiles 100 Piece Set 100pcs Magnet Building Tiles Clear Magnetic 3D Blocks Construction Playboards, Creativity Beyond Imagination, Inspirational, Recreational, Educational Conventional",Toys & Games,STEM Toys,39.99,4.8,39900,11970,42,2.02,12.8,10.5,4.2,True,True,STEM Toys,975
B0D3BW4QQ6,"MerryXD 6 Pack Assembly Completed T13 3D Action Figure,Dummy Nova Titan Lucky 13 Action Figure 3D Printed Multi-Jointed Movable Toy",Toys & Games,Action Figures,24.99,4.3,2500,750,45,1.4,13.9,8.1,5.1,True,True,Action Figures,464
B0BS4GVV4D,"Marvel Avengers Ultimate Protectors Pack, 6-Inch-Scale, 8 Action Figures with Accessories, Super Hero Toys, Toys for Boys and Girls Ages 4 and Up",Toys & Games,Action Figures,44.99,4.7,1000,300,37,1.15,12.2,10.4,4.3,True,True,Action Figures,257
B07ZHS1L15,"Marvel Super Hero Adventures 5-Inch Action Figure 5-Pack, Includes Captain America, Spider-Man, 5 Accessories (Amazon Exclusive)",Toys & Games,Action Figures,20.16,4.8,3000,900,41,1.39,9.0,11.9,3.2,True,True,Action Figures,817
B0D4QRR7R1,"2026 New Assembly Completed-Titan 13 Action Figure,Dummy Robot 13 Action Figures Set,3D Printed Multi-Jointed Action Figures,Nova 13 Action Figure for Collectors Desktop Decorations (9pcs)",Toys & Games,Action Figures,32.99,4.4,889,266,35,0.81,10.3,8.9,2.7,True,True,Action Figures,859
B0DH3FR1Y5,"4.7"" Turtles Action Figures 6PCS Figure Bundle Toys Collection Birthday for Kids",Toys & Games,Action Figures,23.39,4.4,503,150,42,1.48,8.5,10.6,5.3,True,True,Action Figures,328
B0FDWQVJKT,"Marvel Spider-Man Titan Series Action Figure, 12-Inch (30 cm) Super Hero Toys for Kids Ages 4+",Toys & Games,Action Figures,10.99,4.8,542,162,39,0.55,8.9,10.2,3.4,True,True,Action Figures,274
B07PMYKXY8,"Mr.River US Army Men and SWAT Team Toy Soldiers Action Figures with Military Weapons Accessories for Kids Boys Girls,12Pcs",Toys & Games,Action Figures,18.99,4.6,6300,1890,41,1.07,9.0,12.0,2.8,True,True,Action Figures,1113
B0FK2GHVB8,"[6-PACK] Glowing Titan 13 Action Figure Set Already Assembled, Dummy 13 3D Printed Action Figures With Weapons Accessories T Lucky Robo 13 Nova 13 Action Figures, Figura de acción 13 (6-Colors)",Toys & Games,Action Figures,34.99,4.1,250,100,35,1.46,10.9,9.5,5.7,True,True,Action Figures,1081
B07T9CCRK6,Marvel Titan Hero Series Spider-Man 12-Inch Action Figure with Fx Port,Toys & Games,Action Figures,12.98,4.8,12900,3870,45,0.68,14.9,11.3,2.3,True,True,Action Figures,126
B0D4QSWFVN,"2026 New Assembly Completed-Titan 13 Action Figure,Dummy Robot 13 Action Figures Set,3D Printed Multi-Jointed Action Figures,Nova 13 Action Figure for Collectors Desktop Decorations (5pcs)",Toys & Games,Action Figures,21.99,4.4,889,266,45,1.49,12.8,10.9,5.8,True,True,Action Figures,431
B08PHZJJ62,"Marvel Avengers Endgame Titan Hero Series 12"" Action Figures Captain America, Iron Spider, Black Panther, and Iron Man (4 Action Figures)",Toys & Games,Action Figures,38.0,4.6,1100,330,43,1.01,12.5,6.3,4.7,True,True,Action Figures,1114
B0CP481DTZ,"Spidey and his Amazing Friends Hasbro Marvel, Friends & Foes Pack, 5 Action Figures, 4-Inch, Preschool Super Hero Toys for Kids Ages 3 and Up (Amazon Exclusive)",Toys & Games,Action Figures,21.99,4.9,2300,690,41,0.58,9.4,8.6,5.2,True,True,Action Figures,1052
B0CNPXPHPN,"HAPTIME Toys for Boys, Toy Soldiers Set (50 pcs ) , Green Army Men Action Figures, Plastic Military Toys - Inspire Creative Play and Learning Adventures for Kids, Easter Egg Fillers",Toys & Games,Action Figures,8.99,4.6,846,253,35,1.21,13.7,11.0,4.2,True,True,Action Figures,1113
B09JHS8DB3,"Marvel Titan Hero Series Deluxe Venom Toy 12-Inch-Scale Collectible Action Figure, Kids Ages 4 and Up",Toys & Games,Action Figures,13.99,4.8,5000,1500,39,0.71,8.2,7.2,2.2,True,True,Action Figures,1123
B0DSCJNB2V,"DC Comics, Batman Battle Clash 6” Ninja Strike Batman Action Figure with 2 Ninja Accessories, Super Hero Kids Toys for Boys and Girls Ages 3 & Up",Toys & Games,Action Figures,6.18,4.7,364,109,33,1.35,11.1,11.2,5.0,True,True,Action Figures,359
B00ECV5436,Hasbro Marvel Avengers Series Marvel Assemble Titan Hero Iron Man 12' Action Figure,Toys & Games,Action Figures,9.18,4.6,6200,1860,41,0.58,12.1,11.0,5.3,True,True,Action Figures,498
B0CY229MPF,"MerryXD T13 3D Action Figure,Assembly Completed Dummy Nova Titan Lucky 13 Action Figure 3D Printed Multi-Jointed Movable Toy Grow in The Dark Blue",Toys & Games,Action Figures,6.99,4.3,2500,750,37,1.3,11.1,6.5,2.7,True,True,Action Figures,839
B0C6T3PFQP,"TwCare Set of 10 Dinosaur vs Kong Dinosaur Dragon Toys Movable Joint Action Figures, King of The Monsters Shin Ultima Gamera Mecha MechaGodzilla Ghidorah Skull Crawler Destoroyah Cake Toppers Pack",Toys & Games,Action Figures,23.99,4.6,416,124,36,1.0,14.8,9.9,5.1,True,True,Action Figures,967
B08TQB3CDZ,"Marvel Titan Hero Series Action Figure Multipack, 6 Action Figures, 12-Inch Toys, Inspired By Marvel Comics, For Kids Ages 4 And Up (Amazon Exclusive)",Toys & Games,Action Figures,53.74,4.7,2900,870,35,0.57,12.0,8.0,4.9,True,True,Action Figures,401
B0DQ6C22M2,"MrBeast Lab Hybrids Mega Pack, Reveal Different Hybrid Parts to Create 5 Mix & Match Action Figures, Including a Mega Torso Panther Experiment to Reveal Hybrid's Real Colors, Collect 30+ Beasts",Toys & Games,Action Figures,34.88,4.6,1500,450,43,0.66,12.0,8.7,5.4,True,True,Action Figures,590
B07PQFT83F,"Disney Store Official Buzz Lightyear Interactive Talking Action Figure from Toy Story, Features 10+ English Phrases, Interacts with Other Figures and Toys",Toys & Games,Action Figures,39.95,4.7,48300,14490,45,0.98,12.1,11.8,5.5,True,True,Action Figures,239
B07QTZ8238,"Disney Store Official Sheriff Woody Talking Action Figure from Toy Story, Features Sounds and Phrases from The Movies, Interacts with Other Figures and Toys",Toys & Games,Action Figures,39.88,4.7,48300,14490,49,0.88,10.9,8.3,2.6,True,True,Action Figures,483
B07KWWH2XN,The Super Mario Galaxy Movie 5” Action Figures Series 1 – Mario Figure with Yellow Glow-in-The Dark Luma Star Accessory - Premium Details 22 Points of Articulation,Toys & Games,Action Figures,14.0,4.9,132,100,31,1.17,14.6,11.8,2.5,True,True,Action Figures,249
B0DCN49CGP,"5-Pack Titan 13 Action Figure Already Assembled, Multi-Colored Titan 13 Action Figure Set with Laser Saber 3D Printed Dummy 13 Lucky Robo Dummy Nova 13 Action Figures, Figura de acción 13",Toys & Games,Action Figures,28.99,4.3,445,133,41,0.78,12.9,9.5,5.7,True,True,Action Figures,124
B07FNQFLJ5,Ayeboovi Toss and Catch Ball Game Outdoor Toys for Kids Yard Games Beach Toys Outside Games for 3 4 5 6 7 8 9 10 Year Old Boys Girls (Upgraded),Toys & Games,Outdoor Play,26.08,4.6,5200,1560,42,3.68,11.5,6.6,2.9,True,True,Outdoor Play,314
B0BXF8W8BM,"John Deere Bubble Lawn Mower for Toddlers, Bubble Blowing Machines, Indoor and Outdoor Gardening Toy, Birthday, Party Favor for Preschool Girls and Boys, No Batteries Required, 2+",Toys & Games,Outdoor Play,19.59,4.4,3700,1110,36,3.73,11.0,9.0,5.9,True,True,Outdoor Play,992
B0DTJ6WHHH,"Tiki Torch Bubbler - Summer Pool Party Bubble Machine with Lights and Music, Bubble Blower and Wand, Rechargeable Outdoor Toy for Kids Teens Birthday Party, 4 Feet Tall, Includes 4oz Bubble Solution",Toys & Games,Outdoor Play,14.99,3.8,1000,300,33,2.66,10.3,5.0,6.9,True,True,Outdoor Play,949
B0CF8LHP8F,"pamexin Outside Toys for Kids Ages 4-8 - Manual Capture Catching Game - Toddler Chasing Toy for Boys & Girls, Ages 3-7 - Outdoor Fun Family Games",Toys & Games,Outdoor Play,16.95,4.7,1300,390,39,2.2,11.8,7.9,2.0,True,True,Outdoor Play,866
B08P29SC84,"Nerf Vortex Aero Howler Foam Ball, Classic Long-Distance Football, Flight-Optimizing Tail, Whistling Sound, Indoor & Outdoor Fun, Christmas Stocking Stuffers for Kids",Toys & Games,Outdoor Play,11.99,4.8,11300,3390,49,3.5,10.9,9.6,3.9,True,True,Outdoor Play,459
B084SKWCBS,"Sunny Days Entertainment Sidewalk Chalk Set for Kids with Storage, Washable, Jumbo Colored Chalk for Outdoor Play and Chalkboard Art - Ages 3+ (20 Pieces, Multicolor)",Toys & Games,Outdoor Play,8.28,4.7,2100,630,40,2.98,9.9,10.0,5.9,True,True,Outdoor Play,109
B0F1NGC7GJ,"Non-Slip Splash Pad for Kids and Dog, 80"" Extra Large Baby Play Mat, Dog Pool Toys, Thicken Sprinkler Pool Summer Outdoor Water Toys for Ages 3-12 Boys Girls, Parent-Kids &Games Fun Backyard (Blue)",Toys & Games,Outdoor Play,32.99,4.2,611,183,38,4.02,9.5,10.5,2.1,True,True,Outdoor Play,193
B07MBHK9SY,"Intex 96"" x 78"" x 28"" Inflatable Jungle Adventure Play Center Spray Kiddie Pool - Backyard Kids Water Slide, Outdoor Blow-Up Splash Pad for Toddlers",Toys & Games,Outdoor Play,70.19,4.4,33800,10140,37,3.02,14.8,10.7,3.0,True,True,Outdoor Play,777
B0791V329G,"Sunny Days Entertainment Maxx Bubbles 4oz Bubble Wands – 6 Pack Bubble Wand Toy | Summer Fun, Outdoor Birthday Party Favors for Kids, 101799 Blue",Toys & Games,Outdoor Play,8.95,4.3,3000,900,35,2.31,13.6,7.2,5.3,True,True,Outdoor Play,783
B0DH1RD67X,"Otoseth Toy Rocket Launcher for Kids - Launch up to 100 Ft, 8 Foam Rockets & Adjustable Launch Stand, Outdoor Toys for Kids Ages 4-8, Birthday Gifts for Boys, Toy for Toddlers Age 3+",Toys & Games,Outdoor Play,18.99,4.6,1300,390,39,2.54,13.7,11.1,3.3,True,True,Outdoor Play,1089
B01B1X3USS,"BANZAI: Bump N' Bounce Body Bumpers, A Game of Bumping & Bopping, 2 Bumpers Included in Red & Blue, Fun & Safe Cushion Inflatable Surface, For Ages 4 and up",Toys & Games,Outdoor Play,22.99,4.2,11000,3300,50,1.08,14.6,6.8,2.1,True,True,Outdoor Play,588
B0BRZXJFHM,"12Pcs Reusable Water Balloons, Pool Beach water Toys for Boys and Girls, Outdoor Summer Toys for Kids Ages 3-12",Toys & Games,Outdoor Play,26.57,4.7,3000,900,41,2.25,13.6,8.2,3.3,True,True,Outdoor Play,1129
B08V1R43HT,"Animal Bean Bag Toss Game Toy Outdoor Toss Game, Family Party Party Supplies for Kids, Gift for Boys Birthday or Christmas for Toddlers Ages 3 4 5 6 Year Old",Toys & Games,Outdoor Play,24.99,4.5,5600,1680,46,4.26,8.4,6.8,5.4,True,True,Outdoor Play,967
B07MNMT3M7,"SplashEZ 3-in-1 Splash Pad, Sprinkler for Kids & Baby Pool for Learning – Toddler Sprinkler Pool, 60’’ Outside Water Toys – “from A to Z” Outdoor Play Mat for Babies & Toddlers",Toys & Games,Outdoor Play,19.99,4.4,28500,8550,50,3.09,12.8,9.5,4.0,True,True,Outdoor Play,976
B091GH44TL,"JOYIN Big Bubble Wands Set Bulk for Kids Summer Outdoor Toy Game Activity Party Favors, 18 Pcs Giant Bubble Maker with Tray, 12"" Large, 6 Pcs Solution Suitable for All Age People",Toys & Games,Outdoor Play,25.99,4.6,3500,1050,36,2.73,10.9,6.4,2.2,True,True,Outdoor Play,481
B0C4G5G44R,"National Geographic Bug Catcher Kit for Kids - Kids Bug Habitat with Magnified Viewer, Bug Catcher, Tweezers & Learning Guide, Insect Habitat, Outdoor Toys, Kids Bug Catching Kit, Bug Box",Toys & Games,Outdoor Play,19.99,4.8,1700,510,32,3.65,9.1,10.1,2.7,True,True,Outdoor Play,456
B01N6IKSSZ,"Toddler Sensory Kids Table with Lid | Sensory Bin | Kidoozie | Mega Block Compatible Lid | Indoor Outdoor Use , Red, G02521 17 x 12.5 x 11 inches",Toys & Games,Outdoor Play,22.99,4.4,5900,1770,46,2.4,13.6,7.5,5.1,True,True,Outdoor Play,1184
B08GJ6T6XL,"unanscre 31PCS 3 in 1 Carnival Outdoor Games Combo Set for Kids, Soft Plastic Cones Bean Bags Ring Toss Game, Gift for Birthday Party/Xmas",Toys & Games,Outdoor Play,19.99,4.6,3500,1050,34,2.1,8.0,7.8,3.7,True,True,Outdoor Play,974
B0796JVBJ8,"Max Liquidator 6-Pack Water Blaster Set, Multicolor",Toys & Games,Outdoor Play,17.97,4.7,10400,3120,48,1.62,11.7,7.4,6.0,True,True,Outdoor Play,1082
B08J8G3K3N,"Step2 Up & Down Roller Coaster Kids Ride On Toy, Push Car, Indoor/Outdoor Playset, Made of Durable Plastic, Max Weight 50 lbs., For Toddlers 2-5 Years Old, Multicolor",Toys & Games,Outdoor Play,139.99,4.7,7700,2310,35,4.92,10.9,8.9,2.5,True,True,Outdoor Play,528
B08HC44TBP,JOYIN Arcade Basketball Game Set with 4 Balls and Hoop for Kids 3+ Years Old Indoor Outdoor Sport Play - Easy Set Up - Air Pump Included - Ideal for Competition,Toys & Games,Outdoor Play,39.99,4.4,3700,1110,36,4.02,11.5,7.6,4.4,True,True,Outdoor Play,607
B0FDQ332YS,"Baby Doll Crib and Stroller Accessories Play Set with 11"" Baby Doll,Dining Chair,24 PCS Dolls Accessories and 2 Sets Clothes,Realistic Pretend Play for Girls Kids 3-5 4-6 5-7 Year Gifts",Toys & Games,Dolls & Accessories,38.99,4.0,233,100,34,0.95,11.7,11.0,4.3,True,True,Dolls & Accessories,371
B0DXF37491,"13 Pcs Baby Doll Accessories Magic Bottle Set,Pretend Play Feeding Toy Set with Package,Doll Feeding Set for Kids Girls,Magic Disappearing Juice Milk Bottles,Sippy Cups,Pacifiers,Bowl Spoons",Toys & Games,Dolls & Accessories,6.99,4.7,321,100,28,1.31,13.5,6.9,3.3,True,True,Dolls & Accessories,176
B0F876Q7RB,American 18 Inch Doll Makeup Accessories and Clothes Set Includes 18 Inch Doll Clothes and Shoes Bag Makeup Brush Set Foldable Haircomb Eyeshadow Lipstick Bow Hair Clip Sunglasses Hair Rope（No Dolls）,Toys & Games,Dolls & Accessories,25.99,4.5,296,100,30,1.39,11.3,9.1,6.6,True,True,Dolls & Accessories,816
B0FN3T5B67,"Pynqdfu 15Pcs Baby Doll Accessories Magic Bottle Set,Pretend Play Feeding Toy with Juice Milk Bottles,Sippy Cups,Pacifiers,Bowl Spoons,Bib,Diaper,Dolls Feeding Kit for Kids Girls,Party,Gift",Toys & Games,Dolls & Accessories,7.99,4.6,119,100,27,1.4,14.7,9.8,6.0,True,True,Dolls & Accessories,182
B0CY4X37RD,"BABESIDE Baby Dolls, 17inch Large Realistic Cute Soft Body Baby Doll Real Life Baby Dolls with Accessories for 3+ Year Old Girls Gifts, Pretend Play, Collection",Toys & Games,Dolls & Accessories,23.98,4.6,4700,1410,39,0.89,12.0,9.5,4.9,True,True,Dolls & Accessories,170
B0FG2VFP22,"Baby Doll Stroller Playset for Girls Toddlers 3-5 4-6 5-7 Year Old to Play House Games. Stroller Toy with 12.5"" Baby Doll, Dining Chair, Quilt Pillow, 24 PCS Doll Accessories and 2 Sets Clothes.",Toys & Games,Dolls & Accessories,37.98,4.3,200,100,29,1.29,9.4,10.7,4.5,True,True,Dolls & Accessories,1178
B07NJCLP9G,"My Sweet Baby 13-Piece Doll Feeding & Diaper Bag Set – Disappearing Milk Bottles, Bibs, Pacifiers, Diapers & Accessories Set – Pretend Play Baby Doll Care Kit for Girls – Fits 12–18″ Dolls",Toys & Games,Dolls & Accessories,14.99,4.7,22900,6870,44,1.28,11.0,8.8,5.3,True,True,Dolls & Accessories,155
B08SKYD8LL,"14 Pack Baby Doll Accessories, Baby Doll Feeding and Caring Set Includes Diaper Bag, Doll Diapers, Magic Bottle, Changing Mat for Girl Toddler Kid, Babies Pretend Play Set for Birthday Gift Christmas",Toys & Games,Dolls & Accessories,15.98,4.4,4300,1290,31,0.66,9.8,7.6,2.7,True,True,Dolls & Accessories,649
B0D7KYTJ7N,"UZIDBTO 12"" Baby Doll with Flower Pattern Backpack Carrier,12 Inch Realistic Baby Dolls with Clothes and Accessories Hanky Pacifier Bottle Diaper Toy Pretend Play Collection for 3+ Child Girls Gifts",Toys & Games,Dolls & Accessories,28.99,4.6,596,178,33,1.23,14.2,9.2,2.7,True,True,Dolls & Accessories,580
B077NPCFSL,Lissi 5 Piece Doll Deluxe Nursery Play Set with Accessories,Toys & Games,Dolls & Accessories,40.99,4.4,3100,930,35,1.37,14.2,6.4,2.7,True,True,Dolls & Accessories,209
B0FG2X8Y4D,"YIYBM Baby Doll Stroller Play Set with 12.5"" Baby Doll,Dining Chair, 2 Sets Clothes and 20 PCS Doll Accessories. Stroller Toy for 3, 4, 5, 6 Year Old Toddler Girls for Realistic Pretend Play.",Toys & Games,Dolls & Accessories,35.98,4.2,173,100,35,0.96,13.3,11.4,2.5,True,True,Dolls & Accessories,272
B082N2TFZG,"138 Pcs Doll Clothes and Accessories, 5 Wedding Gowns 9 Fashion Dresses 3 Tops 3 Pants 3 Bikini Swimsuits 20 Shoes for 11.5 inch Doll Christmas Stocking Stuffers Girls Gift Age 5-7 8-10",Toys & Games,Dolls & Accessories,17.99,4.5,20800,6240,50,0.67,10.5,10.5,2.7,True,True,Dolls & Accessories,271
B07VTWQZRX,"Melissa & Doug Mine to Love Carrier Play Set for Baby Dolls with Toy Bear, Bottle, Rattle, Activity Card",Toys & Games,Dolls & Accessories,10.37,4.6,7000,2100,43,0.66,11.9,8.4,2.0,True,True,Dolls & Accessories,508
B09NLCRC9L,"Barbie Skipper Babysitters, Inc. Playset with Skipper Babysitter Doll (Brunette), Stroller, Baby Doll & 5 Accessories, Toy for 3 Year Olds & Up",Toys & Games,Dolls & Accessories,21.88,4.8,5600,1680,49,1.36,13.0,11.4,3.2,True,True,Dolls & Accessories,567
B0FHQ4867N,"BABESIDE Baby Doll Accessories – 9 Pcs Feeding Set with Magic Bottles, Pacifiers, Bibs, Diapers & Carry Bag, Pretend Play Kit for 12–15 Inch Dolls",Toys & Games,Dolls & Accessories,11.99,4.5,209,100,30,0.88,11.4,8.8,4.0,True,True,Dolls & Accessories,634
B0CKVVGCGV,"BABESIDE 6 Pcs Baby Doll Diapers for 12-15 Inch Dolls, Reusable & Washable Doll Underwear Fits Baby Dolls, Pretend Play Accessories for Girls",Toys & Games,Dolls & Accessories,8.99,4.7,782,234,29,1.13,12.6,11.4,5.3,True,True,Dolls & Accessories,374
B0D93YXZFH,"Baby Doll Stroller Set Toys for Girls Toddlers 3-5 4-6 Gifts,Baby Doll Set with 12.5 inch Doll,1 Baby Dining Chair,20 PCS Baby Doll Accessories and 2 Sets Doll Clothes for Realistic Pretend Play",Toys & Games,Dolls & Accessories,35.98,4.2,567,170,34,0.74,9.3,7.7,2.7,True,True,Dolls & Accessories,661
B0FJDGBD2H,"YIYBM Baby Doll with Stroller Set with 12.5"" Baby Dolls, Handbag, 2 Sets Doll Clothes and 16 PCS Doll Accessories. Baby Stroller Toys for Toddler Girls Kids Ages 3-5 4-6 for Pretend Play.",Toys & Games,Dolls & Accessories,29.99,3.9,95,100,27,0.77,14.3,10.8,5.5,True,True,Dolls & Accessories,866
B0CXDRQXKC,"Doll Suitcase Travel Sets, 18 inch Doll Clothes and Accessories - 28 Pcs Travel Pillow, Unicorn Bag, Sunglasses, Camera, Computer, Phone, Passport, Birthday Gifts for Age 3 4 5 6 7 Year Old Girls",Toys & Games,Dolls & Accessories,21.99,4.4,295,100,36,1.09,13.3,8.4,2.4,True,True,Dolls & Accessories,300
B0FJS6F7PF,"Baby Doll Stroller Set Toys for Girls Toddlers 3-5 4-6 5-7, Baby Doll Playset with 11"" Doll, Bathtub and 20PCS Baby Doll Accessories, Baby Stroller Toys for 2 3 4 5 Year Old Girls Birthday Gifts",Toys & Games,Dolls & Accessories,39.99,4.3,165,100,29,0.77,13.2,6.7,4.9,True,True,Dolls & Accessories,746
B0BZGX9CR8,"135 Pcs Doll Clothes and Accessories with Doll, Princess Gowns, Fashion Dresses, Slip Dresses, Top, Pants, Jumpsuit, Swimsuits, Shoes, Hangers, Doll Dress up Toys for Girls Kids Toddlers Toy Gifts",Toys & Games,Dolls & Accessories,19.99,4.4,2800,840,31,0.82,13.4,8.6,5.6,True,True,Dolls & Accessories,1102
B0CB6JWL75,"Barbie Gymnastics Doll & Accessories, Playset with Blonde Fashion Doll, C-Clip for Flipping Action, Balance Beam, Warm-Up Suit & More",Toys & Games,Dolls & Accessories,29.99,4.8,3300,990,43,0.58,11.0,7.4,2.9,True,True,Dolls & Accessories,644
B0CG1RVQVZ,"PROOU Baby Care Doll Toys Set, 36PCS Dolls Playset, Hair Salon Pretend Play Toddler Doll Toys Incl 14'' Baby Dolls Toy, Backpack, Hair Dryer, Curler, Xmas Gifts for Age 3 4 5 6+ Years Old Girls Kids",Toys & Games,Dolls & Accessories,27.99,4.2,1600,480,36,1.15,13.4,9.1,4.3,True,True,Dolls & Accessories,874
B0FH25J9J7,"Dreamon 12'' Baby Doll Playset with Carrier Bassinet Bed, 11PCS Baby Doll Accessories Includes Pacifier, Blanket, Pillow, Diaper, Pretend Play Set Baby Doll Care Toys Gifts for Kids Girls",Toys & Games,Dolls & Accessories,32.99,4.5,137,100,40,1.5,8.2,11.4,5.8,True,True,Dolls & Accessories,163
B000FGECAI,"Educational Insights Kanoodle - 3D Brain Teaser Puzzles for Kids, Spatial Puzzle Games for Adults, Teens and Kids, Problem Solving Toys and Logic Puzzles, Single Player Games",Toys & Games,Puzzle Toys,9.99,4.7,34700,10410,32,0.56,12.3,8.6,2.6,True,True,Puzzle Toys,620
B079D7XHSY,"Moose Games Flipslide, Fast-Paced Handheld Puzzle Toy, Gifts for Boys and Girls Ages 8-13, Travel Games, Toys for Teens",Toys & Games,Puzzle Toys,14.98,4.6,12300,3690,36,0.43,10.5,10.1,2.2,True,True,Puzzle Toys,927
B0CD657V3T,"Metal Wire Puzzle Set of 24 with Pouch,Brain Teaser IQ Test Disentanglemen Iron Link Unlock Interlock Game Chinese Ring Magic Trick Toy for Party Favor Kids Adults Challenge",Toys & Games,Puzzle Toys,9.99,4.4,1200,360,31,0.51,10.1,9.3,2.3,True,True,Puzzle Toys,857
B0CKW2CZ49,"Wooden Puzzles Dinosaur Toys for Kids Ages 3-5, Set of 4 Packs with 20-Piece Wood Jigsaw Puzzles, Preschool Educational Brain Teaser Boards for Boys and Girls 3 4 5 6 Years Old",Toys & Games,Puzzle Toys,9.99,4.6,2300,690,22,0.61,12.9,10.7,2.3,True,True,Puzzle Toys,259
B0DHJR2JWF,Fidget Puzzle Cube for Kids and Adults - 6-Sided Wooden Puzzle Game Fidget Toy for Anxiety Relief - Handheld Maze Cube for Travel - 3D Brain Teaser Magic Cube Fidget for Christmas Stocking Stuffers,Toys & Games,Puzzle Toys,9.99,4.2,366,109,24,0.58,13.0,10.5,1.5,True,True,Puzzle Toys,411
